log_length,log_weight,group
1.649334859,3.173186268,Weight_length
1.649334859,3.173186268,Weight_length
1.649334859,3.173186268,Weight_length
1.614897216,3.071882007,Weight_length
1.614897216,3.071882007,Weight_length
1.614897216,3.071882007,Weight_length
1.424881637,2.527629901,Weight_length
1.660865478,3.155336037,Weight_length
1.660865478,3.155336037,Weight_length
1.660865478,3.155336037,Weight_length
1.589949601,2.939519253,Weight_length
1.589949601,2.939519253,Weight_length
1.589949601,2.939519253,Weight_length
1.617000341,3.068185862,Weight_length
1.617000341,3.068185862,Weight_length
1.617000341,3.068185862,Weight_length
1.641474111,3.053078443,Weight_length
1.641474111,3.053078443,Weight_length
1.641474111,3.053078443,Weight_length
1.680335513,3.245512668,Weight_length
1.680335513,3.245512668,Weight_length
1.680335513,3.245512668,Weight_length
1.596597096,3.089905111,Weight_length
1.596597096,3.089905111,Weight_length
1.596597096,3.089905111,Weight_length
1.615950052,3.146128036,Weight_length
1.615950052,3.146128036,Weight_length
1.615950052,3.146128036,Weight_length
1.475671188,2.875061263,Weight_length
1.51851394,2.85308953,Weight_length
1.477121255,2.73239376,Weight_length
1.431363764,2.583198774,Weight_length
1.491361694,2.72916479,Weight_length
1.544068044,2.874481818,Weight_length
1.62324929,2.886490725,Weight_length
1.602059991,2.825426118,Weight_length
1.643452676,3.031408464,Weight_length
1.591064607,2.862727528,Weight_length
1.62324929,2.946452265,Weight_length
1.380211242,2.482873584,Weight_length
1.442479769,2.462397998,Weight_length
1.498310554,2.72427587,Weight_length
1.888179494,2.763427994,Weight_length
1.294466226,2.531478917,Weight_length
1.408239965,2.662757832,Weight_length
1.442479769,2.462397998,Weight_length
1.498310554,2.72427587,Weight_length
1.888179494,2.763427994,Weight_length
1.294466226,2.531478917,Weight_length
1.408239965,2.662757832,Weight_length
1.442479769,2.462397998,Weight_length
1.498310554,2.72427587,Weight_length
1.888179494,2.763427994,Weight_length
1.294466226,2.531478917,Weight_length
1.408239965,2.662757832,Weight_length
1.503790683,2.832508913,Weight_length
1.472756449,2.698970004,Weight_length
1.418301291,2.544068044,Weight_length
1.489958479,2.72427587,Weight_length
1.537819095,2.880813592,Weight_length
1.426511261,2.556302501,Weight_length
1.336459734,2.322219295,Weight_length
1.365487985,2.431363764,Weight_length
1.474216264,2.763427994,Weight_length
1.587710965,2.740362689,Weight_length
1.635483747,3.164352856,Weight_length
1.653212514,3.344392274,Weight_length
1.6599162,3.004321374,Weight_length
1.620136055,2.880813592,Weight_length
1.575187845,2.763427994,Weight_length
1.649334859,3.017033339,Weight_length
1.597695186,2.880813592,Weight_length
1.620136055,2.929418926,Weight_length
1.222716471,1.903089987,Weight_length
1.247973266,2,Weight_length
0.954242509,2.255272505,Weight_length
0.954242509,2.255272505,Weight_length
0.954242509,2.255272505,Weight_length
1.51054501,2.730782276,Weight_length
1.382017043,2.700703717,Weight_length
1.440909082,2.773786445,Weight_length
1.945468585,2.790988475,Weight_length
1.385606274,2.484299839,Weight_length
1.499687083,2.769377326,Weight_length
1.51054501,2.730782276,Weight_length
1.382017043,2.700703717,Weight_length
1.440909082,2.773786445,Weight_length
1.945468585,2.790988475,Weight_length
1.385606274,2.484299839,Weight_length
1.499687083,2.769377326,Weight_length
1.51054501,2.730782276,Weight_length
1.382017043,2.700703717,Weight_length
1.440909082,2.773786445,Weight_length
1.945468585,2.790988475,Weight_length
1.385606274,2.484299839,Weight_length
1.499687083,2.769377326,Weight_length
1.51054501,2.730782276,Weight_length
1.382017043,2.700703717,Weight_length
1.440909082,2.773786445,Weight_length
1.945468585,2.790988475,Weight_length
1.385606274,2.484299839,Weight_length
1.499687083,2.769377326,Weight_length
1.51054501,2.730782276,Weight_length
1.382017043,2.700703717,Weight_length
1.440909082,2.773786445,Weight_length
1.945468585,2.790988475,Weight_length
1.385606274,2.484299839,Weight_length
1.499687083,2.769377326,Weight_length
1.51054501,2.730782276,Weight_length
1.382017043,2.700703717,Weight_length
1.440909082,2.773786445,Weight_length
1.945468585,2.790988475,Weight_length
1.385606274,2.484299839,Weight_length
1.499687083,2.769377326,Weight_length
1.51054501,2.730782276,Weight_length
1.382017043,2.700703717,Weight_length
1.440909082,2.773786445,Weight_length
1.945468585,2.790988475,Weight_length
1.385606274,2.484299839,Weight_length
1.499687083,2.769377326,Weight_length
1.51054501,2.730782276,Weight_length
1.382017043,2.700703717,Weight_length
1.440909082,2.773786445,Weight_length
1.945468585,2.790988475,Weight_length
1.385606274,2.484299839,Weight_length
1.499687083,2.769377326,Weight_length
1.51054501,2.730782276,Weight_length
1.382017043,2.700703717,Weight_length
1.440909082,2.773786445,Weight_length
1.945468585,2.790988475,Weight_length
1.385606274,2.484299839,Weight_length
1.499687083,2.769377326,Weight_length
1.51054501,2.730782276,Weight_length
1.382017043,2.700703717,Weight_length
1.440909082,2.773786445,Weight_length
1.945468585,2.790988475,Weight_length
1.385606274,2.484299839,Weight_length
1.499687083,2.769377326,Weight_length
1.51054501,2.730782276,Weight_length
1.382017043,2.700703717,Weight_length
1.440909082,2.773786445,Weight_length
1.945468585,2.790988475,Weight_length
1.385606274,2.484299839,Weight_length
1.499687083,2.769377326,Weight_length
1.193124598,1.872738827,Weight_length
1.164352856,1.591064607,Weight_length
1.071882007,1.731588765,Weight_length
1.301029996,2.101747074,Weight_length
1.025305865,1.501059262,Weight_length
1.348304863,2.356981401,Weight_length
1.342422681,2.005180513,Weight_length
1.149219113,1.739572344,Weight_length
1.096910013,1.883661435,Weight_length
1.139879086,1.720985744,Weight_length
1.064457989,1.686636269,Weight_length
1.155336037,1.716003344,Weight_length
1.212187604,1.873901598,Weight_length
1.056904851,1.771587481,Weight_length
1.195899652,1.909556029,Weight_length
1.11058971,1.745074792,Weight_length
1.136720567,1.873901598,Weight_length
1.017033339,1.488550717,Weight_length
1.10720997,1.668385917,Weight_length
1.212187604,2.272537777,Weight_length
1.096910013,1.57634135,Weight_length
1.11058971,1.764922985,Weight_length
0.838849091,1.274157849,Weight_length
0.73239376,0.792391689,Weight_length
1.127104798,1.698970004,Weight_length
0.716003344,0.832508913,Weight_length
1.10720997,1.776701184,Weight_length
0.748188027,0.886490725,Weight_length
1.158362492,1.867467488,Weight_length
1.079181246,1.46834733,Weight_length
1.130333768,1.618048097,Weight_length
1.120573931,1.550228353,Weight_length
1.414973348,2.620136055,Weight_length
1.491361694,2.547774705,Weight_length
1.505149978,2.285557309,Weight_length
1.431363764,2.611723308,Weight_length
1.477121255,2.635483747,Weight_length
1.342422681,2.257678575,Weight_length
1.301029996,2.086359831,Weight_length
1.491361694,2.561101384,Weight_length
1.380211242,2.303196057,Weight_length
1.602059991,2.689308859,Weight_length
1.503245771,2.819543936,Weight_length
1.301029996,2.477121255,Weight_length
1.464489547,2.62324929,Weight_length
1.488409689,2.612783857,Weight_length
1.954724791,4.217483944,Weight_length
2.148602655,4.727541257,Weight_length
1.267171728,1.731346976,Weight_length
1.352182518,1.766264091,Weight_length
1.44870632,1.74647851,Weight_length
1.250420002,1.553276046,Weight_length
1.303196057,1.977769318,Weight_length
1.474216264,2.591064607,Weight_length
1.320146286,2.176091259,Weight_length
1.474216264,2.531478917,Weight_length
1.247973266,2.041392685,Weight_length
1.474216264,2.591064607,Weight_length
1.320146286,2.176091259,Weight_length
1.474216264,2.531478917,Weight_length
1.247973266,2.041392685,Weight_length
1.474216264,2.591064607,Weight_length
1.320146286,2.176091259,Weight_length
1.474216264,2.531478917,Weight_length
1.247973266,2.041392685,Weight_length
1.474216264,2.591064607,Weight_length
1.320146286,2.176091259,Weight_length
1.474216264,2.531478917,Weight_length
1.247973266,2.041392685,Weight_length
1.474216264,2.591064607,Weight_length
1.320146286,2.176091259,Weight_length
1.474216264,2.531478917,Weight_length
1.247973266,2.041392685,Weight_length
1.474216264,2.591064607,Weight_length
1.320146286,2.176091259,Weight_length
1.474216264,2.531478917,Weight_length
1.247973266,2.041392685,Weight_length
1.474216264,2.591064607,Weight_length
1.320146286,2.176091259,Weight_length
1.474216264,2.531478917,Weight_length
1.247973266,2.041392685,Weight_length
1.474216264,2.591064607,Weight_length
1.320146286,2.176091259,Weight_length
1.474216264,2.531478917,Weight_length
1.247973266,2.041392685,Weight_length
1.474216264,2.591064607,Weight_length
1.320146286,2.176091259,Weight_length
1.474216264,2.531478917,Weight_length
1.247973266,2.041392685,Weight_length
1.474216264,2.591064607,Weight_length
1.320146286,2.176091259,Weight_length
1.474216264,2.531478917,Weight_length
1.247973266,2.041392685,Weight_length
1.474216264,2.591064607,Weight_length
1.320146286,2.176091259,Weight_length
1.474216264,2.531478917,Weight_length
1.247973266,2.041392685,Weight_length
1.474216264,2.591064607,Weight_length
1.320146286,2.176091259,Weight_length
1.474216264,2.531478917,Weight_length
1.247973266,2.041392685,Weight_length
1.474216264,2.591064607,Weight_length
1.320146286,2.176091259,Weight_length
1.474216264,2.531478917,Weight_length
1.247973266,2.041392685,Weight_length
1.474216264,2.591064607,Weight_length
1.320146286,2.176091259,Weight_length
1.474216264,2.531478917,Weight_length
1.247973266,2.041392685,Weight_length
1.474216264,2.591064607,Weight_length
1.320146286,2.176091259,Weight_length
1.474216264,2.531478917,Weight_length
1.247973266,2.041392685,Weight_length
1.954242509,3.568201724,Weight_length
1.602059991,3.041392685,Weight_length
1.69019608,3.059752694,Weight_length
1.662757832,3.01317441,Weight_length
1.69019608,3.08170727,Weight_length
1.672097858,3.045831314,Weight_length
1.531478917,2.956648579,Weight_length
1.511883361,2.942008053,Weight_length
1.380211242,2.562292864,Weight_length
1.380211242,2.439332694,Weight_length
1.255272505,2.113943352,Weight_length
1.489958479,2.719331287,Weight_length
1.635483747,3.017033339,Weight_length
1.757775491,3.537819095,Weight_length
1.757775491,3.537819095,Weight_length
1.757775491,3.537819095,Weight_length
1.757775491,3.537819095,Weight_length
1.757775491,3.537819095,Weight_length
1.793790385,3.480006943,Weight_length
1.793790385,3.480006943,Weight_length
1.793790385,3.480006943,Weight_length
1.793790385,3.480006943,Weight_length
1.793790385,3.480006943,Weight_length
1.721563318,3.416640507,Weight_length
1.721563318,3.416640507,Weight_length
1.721563318,3.416640507,Weight_length
1.721563318,3.416640507,Weight_length
1.721563318,3.416640507,Weight_length
1.580012113,3.008600172,Weight_length
1.580012113,3.008600172,Weight_length
1.580012113,3.008600172,Weight_length
1.580012113,3.008600172,Weight_length
1.580012113,3.008600172,Weight_length
1.597146488,2.986771734,Weight_length
1.597146488,2.986771734,Weight_length
1.597146488,2.986771734,Weight_length
1.597146488,2.986771734,Weight_length
1.597146488,2.986771734,Weight_length
0.26245109,-0.301029996,Weight_length
1.281033367,2.212187604,Weight_length
1.434568904,2.557507202,Weight_length
1.392696953,2.727541257,Weight_length
1.210853365,1.499687083,Weight_length
1.089905111,1.511883361,Weight_length
1.274157849,1.823669813,Weight_length
1.662757832,2.992111488,Weight_length
1.414973348,1.934498451,Weight_length
1.212187604,2.354108439,Weight_length
1.903089987,2.662757832,Weight_length
1.621176282,2.933993164,Weight_length
1.383815366,2.572871602,Weight_length
1.146128036,2.31386722,Weight_length
1.307496038,2.382917135,Weight_length
1.184691431,2.260071388,Weight_length
1.681241237,2.75089392,Weight_length
1.556302501,3.01389006,Weight_length
1.28780173,2.206825876,Weight_length
1.418301291,2.56937391,Weight_length
1.439332694,2.376576957,Weight_length
1.484299839,2.492061605,Weight_length
1.307496038,2.133538908,Weight_length
1.40654018,2.419955748,Weight_length
1.564666064,2.930439595,Weight_length
1.477121255,2.222716471,Weight_length
1.11058971,2.315970345,Weight_length
1.212187604,2.311753861,Weight_length
1.260071388,2.025305865,Weight_length
1.334453751,2.374748346,Weight_length
1.230448921,1.989004616,Weight_length
1.212187604,2.354108439,Weight_length
1.903089987,2.662757832,Weight_length
1.621176282,2.933993164,Weight_length
1.383815366,2.572871602,Weight_length
1.146128036,2.31386722,Weight_length
1.307496038,2.382917135,Weight_length
1.184691431,2.260071388,Weight_length
1.681241237,2.75089392,Weight_length
1.556302501,3.01389006,Weight_length
1.28780173,2.206825876,Weight_length
1.418301291,2.56937391,Weight_length
1.439332694,2.376576957,Weight_length
1.484299839,2.492061605,Weight_length
1.307496038,2.133538908,Weight_length
1.40654018,2.419955748,Weight_length
1.564666064,2.930439595,Weight_length
1.477121255,2.222716471,Weight_length
1.11058971,2.315970345,Weight_length
1.212187604,2.311753861,Weight_length
1.260071388,2.025305865,Weight_length
1.334453751,2.374748346,Weight_length
1.230448921,1.989004616,Weight_length
1.184691431,1.728353782,Weight_length
1.283301229,2.09482038,Weight_length
1.278753601,2.147676324,Weight_length
0.963787827,1.227886705,Weight_length
1.08278537,1.432969291,Weight_length
1.439332694,2.59439255,Weight_length
1.28780173,2.355259906,Weight_length
1.431363764,2.691081492,Weight_length
1.344392274,2.238547888,Weight_length
1.283301229,2.09482038,Weight_length
1.278753601,2.147676324,Weight_length
0.963787827,1.227886705,Weight_length
1.08278537,1.432969291,Weight_length
1.439332694,2.59439255,Weight_length
1.28780173,2.355259906,Weight_length
1.431363764,2.691081492,Weight_length
1.344392274,2.238547888,Weight_length
1.184691431,1.728353782,Weight_length
1.283301229,2.09482038,Weight_length
1.278753601,2.147676324,Weight_length
0.963787827,1.227886705,Weight_length
1.08278537,1.432969291,Weight_length
1.439332694,2.59439255,Weight_length
1.28780173,2.355259906,Weight_length
1.431363764,2.691081492,Weight_length
1.344392274,2.238547888,Weight_length
1.184691431,1.728353782,Weight_length
1.283301229,2.09482038,Weight_length
1.278753601,2.147676324,Weight_length
0.963787827,1.227886705,Weight_length
1.08278537,1.432969291,Weight_length
1.439332694,2.59439255,Weight_length
1.28780173,2.355259906,Weight_length
1.431363764,2.691081492,Weight_length
1.344392274,2.238547888,Weight_length
1.677606953,3.021189299,Weight_length
1.436162647,2.440909082,Weight_length
1.392696953,2.462397998,Weight_length
1.230448921,1.671172843,Weight_length
1.635483747,2.995635195,Weight_length
1.729974286,2.991226076,Weight_length
1.505149978,2.507855872,Weight_length
1.342422681,2.278753601,Weight_length
1.565847819,2.745074792,Weight_length
1.62838893,2.916980047,Weight_length
1.644438589,2.940018155,Weight_length
1.463892989,2.572871602,Weight_length
1.551449998,2.968015714,Weight_length
1.371067862,2.056904851,Weight_length
1.633468456,2.931966115,Weight_length
1.404833717,2.663700925,Weight_length
1.238046103,1.568201724,Weight_length
1.283301229,2.57054294,Weight_length
1.365487985,2.285557309,Weight_length
1.668385917,3.065206128,Weight_length
1.164352856,1.86923172,Weight_length
1.201397124,1.672097858,Weight_length
1.311753861,1.602059991,Weight_length
1.278753601,2.056904851,Weight_length
1.421603927,2.354108439,Weight_length
1.387389826,2.597695186,Weight_length
1.382017043,1.77815125,Weight_length
1.668385917,2.752048448,Weight_length
1.474216264,1.763427994,Weight_length
1.607455023,2.004321374,Weight_length
1.610660163,2.193124598,Weight_length
0.862131379,1.075546961,Weight_length
1.16613397,1.615950052,Weight_length
1.067814511,1.214843848,Weight_length
0.978636948,1.193124598,Weight_length
1.196728723,1.103803721,Weight_length
1.244029589,2.011993115,Weight_length
1.155032229,1.663700925,Weight_length
1.088136089,1.356025857,Weight_length
1.349471799,2.341830057,Weight_length
1.36267093,2.019946682,Weight_length
1.18920949,2.23325001,Weight_length
1.486713776,2.26810973,Weight_length
1.276461804,2.305781151,Weight_length
1.367355921,2.94156112,Weight_length
1.645324002,2.909769915,Weight_length
1.172894698,2.405004665,Weight_length
0.680335513,2.514680544,Weight_length
1.13225969,2.081347308,Weight_length
1.101403351,1.587710965,Weight_length
1.192846115,2.26904571,Weight_length
1.08849047,1.240549248,Weight_length
1.002597981,1.600972896,Weight_length
1.074084689,2.341830057,Weight_length
1.35945602,2.069668097,Weight_length
1.434728542,2.563599729,Weight_length
1.35564305,2.105510185,Weight_length
1.040206628,2.16790781,Weight_length
1.137986733,1.829946696,Weight_length
1.092018471,1.206825876,Weight_length
1.051923916,1.394451681,Weight_length
1.318063335,2.095866453,Weight_length
1.924279286,2.707570176,Weight_length
1.568201724,2.86332286,Weight_length
1.556302501,2.929418926,Weight_length
1.62324929,2.897627091,Weight_length
1.651278014,2.940018155,Weight_length
1.170261715,1.457881897,Weight_length
1.378397901,1.874481818,Weight_length
1.462397998,2.369215857,Weight_length
1.269512944,1.768638101,Weight_length
1.579783597,2.749736316,Weight_length
1.434568904,2.298853076,Weight_length
1.267171728,1.669316881,Weight_length
1.426511261,2.396199347,Weight_length
1.475671188,1.992111488,Weight_length
1.418301291,2.517195898,Weight_length
1.521138084,2.531478917,Weight_length
1.86923172,2.767155866,Weight_length
1.23299611,2.10720997,Weight_length
1.222716471,1.733197265,Weight_length
1.222716471,1.988558957,Weight_length
1.644438589,2.835056102,Weight_length
1.238046103,1.600972896,Weight_length
1.92890769,2.584331224,Weight_length
1.683947131,3,Weight_length
1.23299611,2.029383778,Weight_length
1.50242712,2.11058971,Weight_length
1.244029589,1.867467488,Weight_length
1.068185862,1.86332286,Weight_length
1.677698181,3.168267606,Weight_length
1.702688968,3.219291056,Weight_length
1.677698181,3.168267606,Weight_length
1.702688968,3.219291056,Weight_length
1.447158031,2.588697387,Weight_length
1.447158031,2.588697387,Weight_length
1.51851394,2.679427897,Weight_length
1.51851394,2.679427897,Weight_length
1.477121255,2.646403726,Weight_length
1.477121255,2.646403726,Weight_length
1.51851394,2.959518377,Weight_length
1.51851394,2.959518377,Weight_length
1.462397998,2.460897843,Weight_length
1.462397998,2.460897843,Weight_length
1.662757832,2.484299839,Weight_length
1.662757832,2.484299839,Weight_length
1.568201724,2.51851394,Weight_length
1.568201724,2.51851394,Weight_length
1.960470778,4.361727836,Weight_length
1.462397998,2.698970004,Weight_length
1.204119983,1.954242509,Weight_length
1.176091259,2,Weight_length
1.361727836,1.301029996,Weight_length
1.851258349,3.959041392,Weight_length
1.960470778,4.361727836,Weight_length
1.462397998,2.698970004,Weight_length
1.204119983,1.954242509,Weight_length
1.176091259,2,Weight_length
1.361727836,1.301029996,Weight_length
1.851258349,3.959041392,Weight_length
0.812913357,2.614897216,Weight_length
1.436162647,2.643452676,Weight_length
1.485721426,2.716003344,Weight_length
1.706717782,3.269512944,Weight_length
1.663700925,3.100370545,Weight_length
1.432969291,2.602059991,Weight_length
1.514547753,2.612783857,Weight_length
1.436162647,2.653212514,Weight_length
1.436162647,2.643452676,Weight_length
1.485721426,2.716003344,Weight_length
1.706717782,3.269512944,Weight_length
1.663700925,3.100370545,Weight_length
1.432969291,2.602059991,Weight_length
1.514547753,2.612783857,Weight_length
1.436162647,2.653212514,Weight_length
1.436162647,2.643452676,Weight_length
1.485721426,2.716003344,Weight_length
1.706717782,3.269512944,Weight_length
1.663700925,3.100370545,Weight_length
1.432969291,2.602059991,Weight_length
1.514547753,2.612783857,Weight_length
1.436162647,2.653212514,Weight_length
1.488550717,2.704150517,Weight_length
1.450249108,2.705007959,Weight_length
1.697229343,3.141449773,Weight_length
1.772321707,3.267171728,Weight_length
1.338456494,2.220108088,Weight_length
1.607455023,2.846955325,Weight_length
1.414973348,2.209515015,Weight_length
1.481442629,2.680335513,Weight_length
1.488550717,2.704150517,Weight_length
1.450249108,2.705007959,Weight_length
1.697229343,3.141449773,Weight_length
1.772321707,3.267171728,Weight_length
1.338456494,2.220108088,Weight_length
1.607455023,2.846955325,Weight_length
1.414973348,2.209515015,Weight_length
1.481442629,2.680335513,Weight_length
1.488550717,2.704150517,Weight_length
1.450249108,2.705007959,Weight_length
1.697229343,3.141449773,Weight_length
1.772321707,3.267171728,Weight_length
1.338456494,2.220108088,Weight_length
1.607455023,2.846955325,Weight_length
1.414973348,2.209515015,Weight_length
1.481442629,2.680335513,Weight_length
1.146128036,2.086359831,Weight_length
1.209515015,2.178976947,Weight_length
1.021189299,1.770852012,Weight_length
1.170261715,2.064457989,Weight_length
0.755874856,1.079181246,Weight_length
0.963787827,1.041392685,Weight_length
1.198657087,2.184691431,Weight_length
1.004321374,1.041392685,Weight_length
1.045322979,1.113943352,Weight_length
1.541579244,3.033825694,Weight_length
1.532754379,3.086003706,Weight_length
1.612783857,3.146128036,Weight_length
1.462397998,2.397940009,Weight_length
1.568201724,2.991226076,Weight_length
1.491361694,2.819543936,Weight_length
1.361727836,2.51851394,Weight_length
1.361727836,2.544068044,Weight_length
1.462397998,2.653212514,Weight_length
1.505149978,2.672097858,Weight_length
1.505149978,2.633468456,Weight_length
1.447158031,2.477121255,Weight_length
1.602059991,2.653212514,Weight_length
1.481442629,2.876967967,Weight_length
1.492760389,2.917610526,Weight_length
1.565847819,3.071882007,Weight_length
1.146128036,2.037426498,Weight_length
1.123851641,1.722633923,Weight_length
0.86923172,1.225309282,Weight_length
0.838849091,0.832508913,Weight_length
1.57634135,3.11564379,Weight_length
1.604226053,3.080914959,Weight_length
1.589949601,2.942603249,Weight_length
1.309630167,2.359076226,Weight_length
1.509202522,2.838849091,Weight_length
1.130333768,1,Weight_length
1.305351369,2.374198258,Weight_length
0.903089987,0.77815125,Weight_length
1.599883072,2.84509804,Weight_length
1.445604203,2.602059991,Weight_length
1.748188027,2.982271233,Weight_length
1.40654018,2.301029996,Weight_length
1.698970004,3.230448921,Weight_length
1.720159303,2.973127854,Weight_length
1.667452953,2.973127854,Weight_length
1.648360011,3.021189299,Weight_length
1.216957207,2.973127854,Weight_length
1.216957207,2.973127854,Weight_length
1.216957207,2.973127854,Weight_length
1.216957207,2.973127854,Weight_length
1.216957207,2.973127854,Weight_length
1.216957207,2.973127854,Weight_length
1.216957207,2.973127854,Weight_length
1.216957207,2.973127854,Weight_length
1.216957207,2.973127854,Weight_length
1.216957207,2.973127854,Weight_length
1.216957207,2.973127854,Weight_length
1.216957207,2.973127854,Weight_length
1.216957207,2.973127854,Weight_length
1.216957207,2.973127854,Weight_length
1.216957207,2.973127854,Weight_length
1.216957207,2.973127854,Weight_length
1.216957207,2.973127854,Weight_length
1.216957207,2.973127854,Weight_length
1.216957207,2.973127854,Weight_length
1.216957207,2.973127854,Weight_length
1.216957207,2.973127854,Weight_length
1.216957207,2.973127854,Weight_length
1.216957207,2.973127854,Weight_length
1.216957207,2.973127854,Weight_length
1.216957207,2.973127854,Weight_length
1.216957207,2.973127854,Weight_length
1.216957207,2.973127854,Weight_length
1.216957207,2.973127854,Weight_length
1.216957207,2.973127854,Weight_length
1.216957207,2.973127854,Weight_length
1.216957207,2.973127854,Weight_length
1.216957207,2.973127854,Weight_length
1.216957207,2.973127854,Weight_length
1.216957207,2.973127854,Weight_length
1.216957207,2.973127854,Weight_length
1.216957207,2.973127854,Weight_length
1.216957207,2.973127854,Weight_length
1.216957207,2.973127854,Weight_length
1.371067862,2.691081492,Weight_length
1.562292864,3.020775488,Weight_length
1.670245853,3.349665984,Weight_length
1.447158031,2.73239376,Weight_length
1.426511261,2.739572344,Weight_length
1.444044796,2.788875116,Weight_length
1.530199698,2.806179974,Weight_length
1.371067862,2.691081492,Weight_length
1.562292864,3.020775488,Weight_length
1.670245853,3.349665984,Weight_length
1.447158031,2.73239376,Weight_length
1.426511261,2.739572344,Weight_length
1.444044796,2.788875116,Weight_length
1.530199698,2.806179974,Weight_length
1.371067862,2.691081492,Weight_length
1.562292864,3.020775488,Weight_length
1.670245853,3.349665984,Weight_length
1.447158031,2.73239376,Weight_length
1.426511261,2.739572344,Weight_length
1.444044796,2.788875116,Weight_length
1.530199698,2.806179974,Weight_length
1.371067862,2.691081492,Weight_length
1.562292864,3.020775488,Weight_length
1.670245853,3.349665984,Weight_length
1.447158031,2.73239376,Weight_length
1.426511261,2.739572344,Weight_length
1.444044796,2.788875116,Weight_length
1.530199698,2.806179974,Weight_length
1.371067862,2.691081492,Weight_length
1.562292864,3.020775488,Weight_length
1.670245853,3.349665984,Weight_length
1.447158031,2.73239376,Weight_length
1.426511261,2.739572344,Weight_length
1.444044796,2.788875116,Weight_length
1.530199698,2.806179974,Weight_length
1.371067862,2.691081492,Weight_length
1.562292864,3.020775488,Weight_length
1.670245853,3.349665984,Weight_length
1.447158031,2.73239376,Weight_length
1.426511261,2.739572344,Weight_length
1.444044796,2.788875116,Weight_length
1.530199698,2.806179974,Weight_length
1.371067862,2.691081492,Weight_length
1.562292864,3.020775488,Weight_length
1.670245853,3.349665984,Weight_length
1.447158031,2.73239376,Weight_length
1.426511261,2.739572344,Weight_length
1.444044796,2.788875116,Weight_length
1.530199698,2.806179974,Weight_length
1.371067862,2.691081492,Weight_length
1.562292864,3.020775488,Weight_length
1.670245853,3.349665984,Weight_length
1.447158031,2.73239376,Weight_length
1.426511261,2.739572344,Weight_length
1.444044796,2.788875116,Weight_length
1.530199698,2.806179974,Weight_length
1.371067862,2.691081492,Weight_length
1.562292864,3.020775488,Weight_length
1.670245853,3.349665984,Weight_length
1.447158031,2.73239376,Weight_length
1.426511261,2.739572344,Weight_length
1.444044796,2.788875116,Weight_length
1.530199698,2.806179974,Weight_length
1.371067862,2.691081492,Weight_length
1.562292864,3.020775488,Weight_length
1.670245853,3.349665984,Weight_length
1.447158031,2.73239376,Weight_length
1.426511261,2.739572344,Weight_length
1.444044796,2.788875116,Weight_length
1.530199698,2.806179974,Weight_length
1.371067862,2.691081492,Weight_length
1.562292864,3.020775488,Weight_length
1.670245853,3.349665984,Weight_length
1.447158031,2.73239376,Weight_length
1.426511261,2.739572344,Weight_length
1.444044796,2.788875116,Weight_length
1.530199698,2.806179974,Weight_length
1.10720997,1.618048097,Weight_length
1.206825876,1.878521796,Weight_length
1.158362492,2.068556895,Weight_length
1.245512668,1.673020907,Weight_length
1.100370545,1.6599162,Weight_length
1.245512668,2.055378331,Weight_length
1.120573931,1.374748346,Weight_length
0.977723605,1.318063335,Weight_length
1.158362492,1.945468585,Weight_length
1.049218023,1.62324929,Weight_length
1.149219113,1.792391689,Weight_length
1.025305865,1.123851641,Weight_length
1.133538908,1.716003344,Weight_length
1.178976947,1.703291378,Weight_length
1.133538908,1.167317335,Weight_length
1.056904851,1.509202522,Weight_length
0.857332496,0.875061263,Weight_length
0.826074803,0.707570176,Weight_length
1.041392685,0.755874856,Weight_length
1.004321374,1.269512944,Weight_length
0.886490725,0.924279286,Weight_length
1.093421685,1.423245874,Weight_length
1.170261715,0.977723605,Weight_length
1.033423755,0.963787827,Weight_length
0.986771734,1.187520721,Weight_length
1.049218023,1.457881897,Weight_length
0.977723605,0.973127854,Weight_length
1.238046103,1.257678575,Weight_length
1,0.763427994,Weight_length
1.045322979,1.285557309,Weight_length
1.755874856,3.460897843,Weight_length
1.322219295,2.255272505,Weight_length
1.591064607,3.053078443,Weight_length
1.380211242,2.51851394,Weight_length
1.431363764,2.635483747,Weight_length
1.505149978,2.652246341,Weight_length
1.462397998,2.404833717,Weight_length
1.770852012,2.445604203,Weight_length
1.447158031,2.617000341,Weight_length
1.633468456,3.181557774,Weight_length
1.491361694,2.57863921,Weight_length
1.62324929,3.126456113,Weight_length
1.491361694,2.499687083,Weight_length
1.556302501,2.942008053,Weight_length
1.555094449,2.942008053,Weight_length
1.465382851,2.753659647,Weight_length
1.367355921,2.354300562,Weight_length
1.250420002,2.24674471,Weight_length
1.457881897,2.813981076,Weight_length
1.568201724,2.973404974,Weight_length
1.113943352,1.532754379,Weight_length
0.84509804,0.924279286,Weight_length
1.604226053,3.124830149,Weight_length
1.298853076,1.820857989,Weight_length
0.977723605,0.342422681,Weight_length
1.193124598,1.827369273,Weight_length
0.973127854,0.826074803,Weight_length
1.230448921,1.551449998,Weight_length
1.346352974,2.329397879,Weight_length
1.322219295,2.14082218,Weight_length
1.478566496,2.471291711,Weight_length
0.924279286,0.380211242,Weight_length
0.72427587,-0.15490196,Weight_length
1.480006943,2.587710965,Weight_length
1.100370545,1.503790683,Weight_length
1.260071388,2.1532049,Weight_length
1.614897216,2.848189117,Weight_length
0.857332496,0.954242509,Weight_length
1.531478917,2.567026366,Weight_length
1.477121255,2.511883361,Weight_length
1.447158031,2.374748346,Weight_length
1.431363764,2.257678575,Weight_length
1.477121255,2.409933123,Weight_length
1.447158031,2.340444115,Weight_length
1.431363764,2.31386722,Weight_length
1.431363764,2.394451681,Weight_length
1.680335513,3.131939295,Weight_length
1.723455672,3.194514342,Weight_length
1.424881637,2.474216264,Weight_length
1.478566496,2.667452953,Weight_length
1.193124598,1.447158031,Weight_length
1.103803721,1.041392685,Weight_length
1.574031268,2.767897616,Weight_length
1.401400541,2.667452953,Weight_length
0.934498451,1,Weight_length
0.977723605,1.255272505,Weight_length
1.033423755,0.903089987,Weight_length
1.728353782,2.769377326,Weight_length
1.451786436,2.243038049,Weight_length
1.692846919,3.096910013,Weight_length
1.340444115,2.214843848,Weight_length
1.42975228,2.721645766,Weight_length
0.973127854,1.184691431,Weight_length
1.06069784,1.120573931,Weight_length
1.638489257,3.003460532,Weight_length
1.7084209,3.246990699,Weight_length
1.193124598,1.418301291,Weight_length
1.62324929,2.226161523,Weight_length
1.380753771,2.361047538,Weight_length
1.267875419,2.146469133,Weight_length
1.930694388,3.612746781,Weight_length
1.387389826,2.379758616,Weight_length
1.45909079,2.475380593,Weight_length
1.387923467,2.333648757,Weight_length
1.16613397,1.976304117,Weight_length
1.471878199,2.601244925,Weight_length
1.230959556,2.146995757,Weight_length
1.382917135,2.337219584,Weight_length
1.503245771,2.803859812,Weight_length
1.378942699,2.640590742,Weight_length
1.341038632,2.346626768,Weight_length
1.493458051,2.853034707,Weight_length
1.62324929,2.226161523,Weight_length
1.380753771,2.361047538,Weight_length
1.267875419,2.146469133,Weight_length
1.930694388,3.612746781,Weight_length
1.387389826,2.379758616,Weight_length
1.45909079,2.475380593,Weight_length
1.387923467,2.333648757,Weight_length
1.16613397,1.976304117,Weight_length
1.471878199,2.601244925,Weight_length
1.230959556,2.146995757,Weight_length
1.382917135,2.337219584,Weight_length
1.503245771,2.803859812,Weight_length
1.378942699,2.640590742,Weight_length
1.341038632,2.346626768,Weight_length
1.493458051,2.853034707,Weight_length
1.62324929,2.226161523,Weight_length
1.380753771,2.361047538,Weight_length
1.267875419,2.146469133,Weight_length
1.930694388,3.612746781,Weight_length
1.387389826,2.379758616,Weight_length
1.45909079,2.475380593,Weight_length
1.387923467,2.333648757,Weight_length
1.16613397,1.976304117,Weight_length
1.471878199,2.601244925,Weight_length
1.230959556,2.146995757,Weight_length
1.382917135,2.337219584,Weight_length
1.503245771,2.803859812,Weight_length
1.378942699,2.640590742,Weight_length
1.341038632,2.346626768,Weight_length
1.493458051,2.853034707,Weight_length
1.62324929,2.226161523,Weight_length
1.380753771,2.361047538,Weight_length
1.267875419,2.146469133,Weight_length
1.930694388,3.612746781,Weight_length
1.387389826,2.379758616,Weight_length
1.45909079,2.475380593,Weight_length
1.387923467,2.333648757,Weight_length
1.16613397,1.976304117,Weight_length
1.471878199,2.601244925,Weight_length
1.230959556,2.146995757,Weight_length
1.382917135,2.337219584,Weight_length
1.503245771,2.803859812,Weight_length
1.378942699,2.640590742,Weight_length
1.341038632,2.346626768,Weight_length
1.493458051,2.853034707,Weight_length
1.755874856,3.460897843,Weight_length
1.322219295,2.255272505,Weight_length
1.380211242,2.51851394,Weight_length
1.591064607,3.053078443,Weight_length
1.515873844,2.5132176,Weight_length
1.380211242,2.301029996,Weight_length
1.411619706,2.359835482,Weight_length
1.53529412,2.738780558,Weight_length
1.079181246,1.278753601,Weight_length
1.383815366,1.698970004,Weight_length
1.359835482,1.819543936,Weight_length
1.494154594,2.31386722,Weight_length
1.541579244,2.87909588,Weight_length
1.499687083,2.536558443,Weight_length
1.579783597,2.836956737,Weight_length
1.540329475,2.636487896,Weight_length
1.574031268,2.301029996,Weight_length
1.595496222,2.919078092,Weight_length
1.800717078,3.717670503,Weight_length
1.847572659,3.607455023,Weight_length
1.397940009,2.414973348,Weight_length
1.64738297,3.195899652,Weight_length
1.579783597,2.903089987,Weight_length
1.457881897,2.431363764,Weight_length
1.225309282,2.041392685,Weight_length
1.45331834,2.51851394,Weight_length
1.283301229,2,Weight_length
1.408239965,2.176091259,Weight_length
1.426511261,2.380211242,Weight_length
1.463892989,2.342422681,Weight_length
1.252853031,2.041392685,Weight_length
1.23299611,1.954242509,Weight_length
1.170261715,1.477121255,Weight_length
1.214843848,1.77815125,Weight_length
1.152288344,1.477121255,Weight_length
1.682145076,3.214843848,Weight_length
1.26245109,1.698970004,Weight_length
1.06069784,1.301029996,Weight_length
1.555094449,2.612783857,Weight_length
1.744292983,3.152288344,Weight_length
1.629409599,2.857332496,Weight_length
1.201397124,1.77815125,Weight_length
1.385606274,1.903089987,Weight_length
1.546542663,2.491361694,Weight_length
1.257678575,1.903089987,Weight_length
1.517195898,2.643452676,Weight_length
1.481442629,2.73239376,Weight_length
1.374748346,2.301029996,Weight_length
1.133538908,1.698970004,Weight_length
1.401400541,2.414973348,Weight_length
1.595496222,2.919078092,Weight_length
1.800717078,3.717670503,Weight_length
1.847572659,3.607455023,Weight_length
1.397940009,2.414973348,Weight_length
1.64738297,3.195899652,Weight_length
1.579783597,2.903089987,Weight_length
1.457881897,2.431363764,Weight_length
1.225309282,2.041392685,Weight_length
1.45331834,2.51851394,Weight_length
1.283301229,2,Weight_length
1.408239965,2.176091259,Weight_length
1.426511261,2.380211242,Weight_length
1.463892989,2.342422681,Weight_length
1.252853031,2.041392685,Weight_length
1.23299611,1.954242509,Weight_length
1.170261715,1.477121255,Weight_length
1.214843848,1.77815125,Weight_length
1.152288344,1.477121255,Weight_length
1.682145076,3.214843848,Weight_length
1.26245109,1.698970004,Weight_length
1.06069784,1.301029996,Weight_length
1.555094449,2.612783857,Weight_length
1.744292983,3.152288344,Weight_length
1.629409599,2.857332496,Weight_length
1.201397124,1.77815125,Weight_length
1.385606274,1.903089987,Weight_length
1.546542663,2.491361694,Weight_length
1.257678575,1.903089987,Weight_length
1.517195898,2.643452676,Weight_length
1.481442629,2.73239376,Weight_length
1.374748346,2.301029996,Weight_length
1.133538908,1.698970004,Weight_length
1.401400541,2.414973348,Weight_length
1.62324929,3.206825876,Weight_length
1.477121255,2.477121255,Weight_length
1.146128036,1.77815125,Weight_length
1.832508913,2.763427994,Weight_length
1.436162647,2.672097858,Weight_length
1.673020907,3.155336037,Weight_length
1.803457116,2.748188027,Weight_length
1.445604203,2.662757832,Weight_length
1.699837726,3.167317335,Weight_length
1.832508913,2.763427994,Weight_length
1.436162647,2.672097858,Weight_length
1.673020907,3.155336037,Weight_length
1.803457116,2.748188027,Weight_length
1.445604203,2.662757832,Weight_length
1.699837726,3.167317335,Weight_length
1.832508913,2.763427994,Weight_length
1.436162647,2.672097858,Weight_length
1.673020907,3.155336037,Weight_length
1.803457116,2.748188027,Weight_length
1.445604203,2.662757832,Weight_length
1.699837726,3.167317335,Weight_length
1.832508913,2.763427994,Weight_length
1.436162647,2.672097858,Weight_length
1.673020907,3.155336037,Weight_length
1.803457116,2.748188027,Weight_length
1.445604203,2.662757832,Weight_length
1.699837726,3.167317335,Weight_length
1.832508913,2.763427994,Weight_length
1.436162647,2.672097858,Weight_length
1.673020907,3.155336037,Weight_length
1.803457116,2.748188027,Weight_length
1.445604203,2.662757832,Weight_length
1.699837726,3.167317335,Weight_length
1.832508913,2.763427994,Weight_length
1.436162647,2.672097858,Weight_length
1.673020907,3.155336037,Weight_length
1.803457116,2.748188027,Weight_length
1.445604203,2.662757832,Weight_length
1.699837726,3.167317335,Weight_length
1.832508913,2.763427994,Weight_length
1.436162647,2.672097858,Weight_length
1.673020907,3.155336037,Weight_length
1.803457116,2.748188027,Weight_length
1.445604203,2.662757832,Weight_length
1.699837726,3.167317335,Weight_length
1.832508913,2.763427994,Weight_length
1.436162647,2.672097858,Weight_length
1.673020907,3.155336037,Weight_length
1.803457116,2.748188027,Weight_length
1.445604203,2.662757832,Weight_length
1.699837726,3.167317335,Weight_length
1.832508913,2.763427994,Weight_length
1.436162647,2.672097858,Weight_length
1.673020907,3.155336037,Weight_length
1.803457116,2.748188027,Weight_length
1.445604203,2.662757832,Weight_length
1.699837726,3.167317335,Weight_length
1.832508913,2.763427994,Weight_length
1.436162647,2.672097858,Weight_length
1.673020907,3.155336037,Weight_length
1.803457116,2.748188027,Weight_length
1.445604203,2.662757832,Weight_length
1.699837726,3.167317335,Weight_length
1.832508913,2.763427994,Weight_length
1.436162647,2.672097858,Weight_length
1.673020907,3.155336037,Weight_length
1.803457116,2.748188027,Weight_length
1.445604203,2.662757832,Weight_length
1.699837726,3.167317335,Weight_length
1.832508913,2.763427994,Weight_length
1.436162647,2.672097858,Weight_length
1.673020907,3.155336037,Weight_length
1.803457116,2.748188027,Weight_length
1.445604203,2.662757832,Weight_length
1.699837726,3.167317335,Weight_length
1.832508913,2.763427994,Weight_length
1.436162647,2.672097858,Weight_length
1.673020907,3.155336037,Weight_length
1.803457116,2.748188027,Weight_length
1.445604203,2.662757832,Weight_length
1.699837726,3.167317335,Weight_length
1.832508913,2.763427994,Weight_length
1.436162647,2.672097858,Weight_length
1.673020907,3.155336037,Weight_length
1.803457116,2.748188027,Weight_length
1.445604203,2.662757832,Weight_length
1.699837726,3.167317335,Weight_length
1.832508913,2.763427994,Weight_length
1.436162647,2.672097858,Weight_length
1.673020907,3.155336037,Weight_length
1.803457116,2.748188027,Weight_length
1.445604203,2.662757832,Weight_length
1.699837726,3.167317335,Weight_length
1.729974286,3.178343739,Weight_length
1.474216264,2.653115993,Weight_length
1.5774918,3.153814864,Weight_length
1.667452953,3.29136885,Weight_length
1.161368002,1.243038049,Weight_length
1.123851641,1.064457989,Weight_length
1.274157849,1.5774918,Weight_length
1.250420002,1.474216264,Weight_length
1.164352856,1.354108439,Weight_length
1.525044807,2.649140064,Weight_length
1.389166084,2.098643726,Weight_length
1.330413773,2.22762965,Weight_length
1.456366033,2.624694531,Weight_length
1.315970345,1.831229694,Weight_length
1.371067862,2.166430114,Weight_length
1.23299611,1.582063363,Weight_length
1.390935107,2.123198075,Weight_length
1.403120521,2.172894698,Weight_length
1.356025857,1.944877306,Weight_length
1.46834733,2.64630568,Weight_length
1.198657087,1.411619706,Weight_length
1.096910013,1.243038049,Weight_length
1.474216264,2.317436497,Weight_length
1.383815366,2.039414119,Weight_length
1.457881897,2.47070443,Weight_length
1.459392488,2.108565024,Weight_length
1.267171728,1.45484486,Weight_length
1.334453751,1.657055853,Weight_length
0.963787827,0.949390007,Weight_length
0.919078092,1.033423755,Weight_length
1.439332694,2.106530854,Weight_length
1.607455023,2.006466042,Weight_length
1.629409599,2.941610802,Weight_length
1.6599162,3.058995094,Weight_length
1.507855872,2.515343893,Weight_length
1.45331834,2.372543801,Weight_length
1.445604203,2.248953615,Weight_length
1.686636269,2.931407014,Weight_length
1.633468456,2.8162413,Weight_length
1.766412847,3.115610512,Weight_length
0.968482949,1.021189299,Weight_length
1.139879086,1.217483944,Weight_length
1.547774705,2.648555156,Weight_length
1.641474111,2.873029812,Weight_length
1.72916479,3.103598494,Weight_length
1.555094449,2.75089392,Weight_length
1.525044807,2.705521613,Weight_length
1.954242509,3.568201724,Weight_length
1.602059991,3.041392685,Weight_length
1.69019608,3.059752694,Weight_length
1.662757832,3.01317441,Weight_length
1.69019608,3.08170727,Weight_length
1.672097858,3.045831314,Weight_length
1.531478917,2.956648579,Weight_length
1.511883361,2.942008053,Weight_length
1.380211242,2.562292864,Weight_length
1.380211242,2.439332694,Weight_length
1.255272505,2.113943352,Weight_length
1.086359831,1.582063363,Weight_length
1.574031268,2.909956978,Weight_length
1.559906625,2.927370363,Weight_length
1.161368002,1.537819095,Weight_length
0.176091259,0.681241237,Weight_length
0.903089987,0.257678575,Weight_length
1.086359831,1.582063363,Weight_length
1.574031268,2.909956978,Weight_length
1.559906625,2.927370363,Weight_length
1.161368002,1.537819095,Weight_length
0.176091259,0.681241237,Weight_length
0.903089987,0.257678575,Weight_length
1.62324929,2.546555001,Weight_length
1.380211242,2.499425878,Weight_length
1.401400541,2.079904468,Weight_length
1.532754379,2.734103441,Weight_length
1.564666064,2.637289548,Weight_length
1.469822016,2.416474079,Weight_length
1.537819095,2.557627488,Weight_length
1.50242712,2.431202885,Weight_length
1.523746467,2.522965595,Weight_length
1.605305046,2.773859552,Weight_length
1.356025857,2.196452542,Weight_length
1.40654018,2.438225808,Weight_length
1.531478917,2.603144373,Weight_length
1.46834733,2.346352974,Weight_length
1.484299839,2.542078146,Weight_length
1.505149978,2.563243701,Weight_length
1.447158031,2.577951128,Weight_length
1.505149978,2.597804842,Weight_length
1.346352974,2.224533063,Weight_length
1.276461804,1.947433722,Weight_length
1.217483944,1.631443769,Weight_length
1.086359831,1.764176132,Weight_length
0.959041392,1.167317335,Weight_length
1.23299611,1.716837723,Weight_length
1.049218023,1.28780173,Weight_length
1.380211242,1.746634199,Weight_length
1.305351369,1.519827994,Weight_length
1.164352856,1.419955748,Weight_length
0.991226076,1.004321374,Weight_length
1.432969291,2.096562438,Weight_length
1.198657087,1.599883072,Weight_length
1.008600172,1.301029996,Weight_length
1.075546961,1.290034611,Weight_length
1.252853031,1.677606953,Weight_length
1.245512668,1.987666265,Weight_length
1.274157849,1.899820502,Weight_length
1.654176542,2.997386384,Weight_length
1.79761373,3.416224317,Weight_length
1.335457901,2.131073048,Weight_length
1.523095838,2.479128838,Weight_length
1.402605242,2.417787127,Weight_length
1.14082218,1.916137983,Weight_length
1.410945859,2.643008284,Weight_length
1.37401474,2.087568476,Weight_length
1.366236124,2.293605603,Weight_length
1.29710365,2.20341368,Weight_length
1.471731651,2.573950192,Weight_length
1.279666944,2.154423973,Weight_length
1.460897843,2.544068044,Weight_length
1.638489257,3.122215878,Weight_length
1.7084209,3.222716471,Weight_length
1.737192643,3.330007701,Weight_length
1.810232518,3.552668216,Weight_length
1.80140371,2.851258349,Weight_length
1.677606953,3.010299957,Weight_length
1.556302501,2.823474229,Weight_length
1.828659897,3.452093249,Weight_length
1.372912003,1.986771734,Weight_length
1.227886705,1.785329835,Weight_length
1.498310554,1.414973348,Weight_length
1.597695186,2.852479994,Weight_length
1.294466226,1.84509804,Weight_length
2.084576278,3.875061263,Weight_length
1.416640507,2.269512944,Weight_length
1.63748973,2.053078443,Weight_length
1.222716471,1.949390007,Weight_length
1.371067862,1.940516485,Weight_length
1.330413773,1.809559715,Weight_length
1.285557309,1.895974732,Weight_length
1.322219295,1.546542663,Weight_length
1.494154594,2.311541958,Weight_length
1.583198774,2.799340549,Weight_length
1.498310554,2.377488383,Weight_length
1.596597096,2.748188027,Weight_length
1.602059991,2.886490725,Weight_length
1.599883072,2.672097858,Weight_length
1.58546073,2.574031268,Weight_length
1.614897216,2.525044807,Weight_length
1.568201724,2.491361694,Weight_length
1.517195898,2.439332694,Weight_length
1.534026106,2.45484486,Weight_length
1.494154594,2.371067862,Weight_length
1.431363764,2.255272505,Weight_length
1.46834733,2.267171728,Weight_length
1.45331834,2.217483944,Weight_length
1.514547753,2.113943352,Weight_length
1.418301291,2.06069784,Weight_length
1.247973266,1.84509804,Weight_length
1.350248018,1.84509804,Weight_length
1.247973266,1.84509804,Weight_length
1.311753861,1.84509804,Weight_length
1.318063335,1.84509804,Weight_length
1.611723308,2.740362689,Weight_length
1.572871602,2.618048097,Weight_length
1.584331224,2.653212514,Weight_length
1.59439255,2.767155866,Weight_length
1.474216264,2.301029996,Weight_length
1.636487896,2.826074803,Weight_length
1.549003262,2.62324929,Weight_length
1.523746467,2.531478917,Weight_length
1.704150517,2.822821645,Weight_length
1.639486489,2.767155866,Weight_length
1.57634135,2.662757832,Weight_length
1.549003262,2.574031268,Weight_length
1.482873584,2.414973348,Weight_length
1.551449998,2.484299839,Weight_length
1.561101384,2.685741739,Weight_length
1.465382851,2.361727836,Weight_length
1.505149978,2.414973348,Weight_length
1.555094449,2.531478917,Weight_length
1.488550717,2.389166084,Weight_length
1.40654018,2.130333768,Weight_length
1.320146286,1.875061263,Weight_length
1.549003262,2.06069784,Weight_length
1.260071388,1.84509804,Weight_length
1.315970345,1.84509804,Weight_length
1.245512668,1.875061263,Weight_length
1.348304863,1.977723605,Weight_length
1.212187604,1.84509804,Weight_length
1.511883361,2.447158031,Weight_length
1.404833717,2.041392685,Weight_length
1.53529412,2.607455023,Weight_length
1.571708832,2.62324929,Weight_length
1.595496222,2.698970004,Weight_length
1.470410491,2.433161556,Weight_length
1.447158031,2.442213153,Weight_length
1.312811826,2.182585825,Weight_length
1.565375503,2.745480776,Weight_length
1.310480891,2.088950734,Weight_length
1.192009593,2.092685563,Weight_length
1.602059991,3,Weight_length
1.602059991,3,Weight_length
1.808413551,3.324282455,Weight_length
1.670245853,3.049218023,Weight_length
1.383815366,2.414973348,Weight_length
1.588159616,2.968482949,Weight_length
1.456973014,2.716003344,Weight_length
1.506369717,2.763427994,Weight_length
1.697665163,3.161368002,Weight_length
1.716504164,3.164352856,Weight_length
1.537315273,2.851258349,Weight_length
1.719248398,3.222716471,Weight_length
1.647578554,3.012837225,Weight_length
1.851258349,2.624282096,Weight_length
1.209515015,1.77815125,Weight_length
1.602059991,1.73239376,Weight_length
1.176091259,3.356599436,Weight_length
1.230448921,2.155336037,Weight_length
1.81150798,3.340444115,Weight_length
1.655426588,3.029383778,Weight_length
1.607133204,3.017033339,Weight_length
1.540954809,2.897627091,Weight_length
1.522052801,2.799340549,Weight_length
1.691346764,3.146128036,Weight_length
1.716754357,3.178976947,Weight_length
1.512684396,2.806179974,Weight_length
1.703807065,3.190331698,Weight_length
1.621487865,2.986771734,Weight_length
1.414973348,2.342422681,Weight_length
1.929418926,3.612783857,Weight_length
1.380211242,2.380211242,Weight_length
1.278753601,2.146128036,Weight_length
1.380211242,2.361727836,Weight_length
1.477121255,2.704150517,Weight_length
1.380211242,2.334453751,Weight_length
1.204119983,2.093421685,Weight_length
1.491361694,2.653212514,Weight_length
1.462397998,2.475671188,Weight_length
1.380211242,2.096910013,Weight_length
1.612783857,2.545307116,Weight_length
1.255272505,2.167317335,Weight_length
1.462397998,2.58546073,Weight_length
1.51851394,2.826074803,Weight_length
1.380211242,2.640481437,Weight_length
1.491361694,2.85308953,Weight_length
1.414973348,2.201397124,Weight_length
1.414973348,2.342422681,Weight_length
1.929418926,3.612783857,Weight_length
1.278753601,2.146128036,Weight_length
1.477121255,2.704150517,Weight_length
1.380211242,2.334453751,Weight_length
1.204119983,2.093421685,Weight_length
1.491361694,2.653212514,Weight_length
1.462397998,2.475671188,Weight_length
1.462397998,2.58546073,Weight_length
1.51851394,2.826074803,Weight_length
1.380211242,2.640481437,Weight_length
1.491361694,2.85308953,Weight_length
1.414973348,2.342422681,Weight_length
1.929418926,3.612783857,Weight_length
1.380211242,2.380211242,Weight_length
1.278753601,2.146128036,Weight_length
1.380211242,2.361727836,Weight_length
1.380211242,2.334453751,Weight_length
1.204119983,2.093421685,Weight_length
1.491361694,2.653212514,Weight_length
1.462397998,2.475671188,Weight_length
1.612783857,2.545307116,Weight_length
1.255272505,2.167317335,Weight_length
1.462397998,2.58546073,Weight_length
1.51851394,2.826074803,Weight_length
1.380211242,2.640481437,Weight_length
1.491361694,2.85308953,Weight_length
1.414973348,2.342422681,Weight_length
1.929418926,3.612783857,Weight_length
1.380211242,2.380211242,Weight_length
1.278753601,2.146128036,Weight_length
1.380211242,2.361727836,Weight_length
1.477121255,2.704150517,Weight_length
1.380211242,2.334453751,Weight_length
1.204119983,2.093421685,Weight_length
1.491361694,2.653212514,Weight_length
1.462397998,2.475671188,Weight_length
1.380211242,2.096910013,Weight_length
1.612783857,2.545307116,Weight_length
1.255272505,2.167317335,Weight_length
1.462397998,2.58546073,Weight_length
1.51851394,2.826074803,Weight_length
1.380211242,2.640481437,Weight_length
1.491361694,2.85308953,Weight_length
1.414973348,2.201397124,Weight_length
1.414973348,2.342422681,Weight_length
1.929418926,3.612783857,Weight_length
1.380211242,2.380211242,Weight_length
1.278753601,2.146128036,Weight_length
1.380211242,2.361727836,Weight_length
1.477121255,2.704150517,Weight_length
1.380211242,2.334453751,Weight_length
1.204119983,2.093421685,Weight_length
1.491361694,2.653212514,Weight_length
1.462397998,2.475671188,Weight_length
1.612783857,2.545307116,Weight_length
1.255272505,2.167317335,Weight_length
1.462397998,2.58546073,Weight_length
1.51851394,2.826074803,Weight_length
1.380211242,2.640481437,Weight_length
1.491361694,2.85308953,Weight_length
1.414973348,2.201397124,Weight_length
1.376576957,2.430880946,Weight_length
1.568201724,2.606381365,Weight_length
1.439332694,2.474944335,Weight_length
1.298853076,2.037824751,Weight_length
1.292256071,1.881384657,Weight_length
1.440909082,2.344195716,Weight_length
1.23299611,1.680335513,Weight_length
1.694605199,3.067442843,Weight_length
1.235528447,1.626340367,Weight_length
1.710963119,3.022345876,Weight_length
1.10720997,1.176091259,Weight_length
1.556302501,2.987353389,Weight_length
1.606381365,3.075546961,Weight_length
1.365487985,2.441852176,Weight_length
1.571708832,2.98376156,Weight_length
1.424881637,2.702085721,Weight_length
1.238046103,2.231979027,Weight_length
1.348304863,2.131618664,Weight_length
1.227886705,1.812244697,Weight_length
1.599883072,3.307496038,Weight_length
1.613841822,3.326335861,Weight_length
1.639486489,3.359835482,Weight_length
1.582063363,3.257678575,Weight_length
1.729974286,3.178343739,Weight_length
1.5774918,3.153814864,Weight_length
1.667452953,3.29136885,Weight_length
1.274157849,1.5774918,Weight_length
1.164352856,1.354108439,Weight_length
1.525044807,2.649140064,Weight_length
1.330413773,2.22762965,Weight_length
1.403120521,2.172894698,Weight_length
1.356025857,1.944975908,Weight_length
1.198657087,1.411619706,Weight_length
1.096910013,1.243038049,Weight_length
1.457881897,2.47070443,Weight_length
1.267171728,1.45484486,Weight_length
1.507855872,2.515343893,Weight_length
1.633468456,2.8162413,Weight_length
1.641474111,2.873029812,Weight_length
1.555094449,2.75089392,Weight_length
1.571708832,2.797059695,Weight_length
1.571708832,2.797059695,Weight_length
1.571708832,2.797059695,Weight_length
1.571708832,2.797059695,Weight_length
1.571708832,2.797059695,Weight_length
1.571708832,2.797059695,Weight_length
1.571708832,2.797059695,Weight_length
1.571708832,2.797059695,Weight_length
1.571708832,2.797059695,Weight_length
1.571708832,2.797059695,Weight_length
1.571708832,2.797059695,Weight_length
1.571708832,2.797059695,Weight_length
1.571708832,2.797059695,Weight_length
1.681241237,3.073461729,Weight_length
1.681241237,3.073461729,Weight_length
1.681241237,3.073461729,Weight_length
1.681241237,3.073461729,Weight_length
1.681241237,3.073461729,Weight_length
1.681241237,3.073461729,Weight_length
1.681241237,3.073461729,Weight_length
1.681241237,3.073461729,Weight_length
1.681241237,3.073461729,Weight_length
1.681241237,3.073461729,Weight_length
1.681241237,3.073461729,Weight_length
1.681241237,3.073461729,Weight_length
1.681241237,3.073461729,Weight_length
1.563481085,2.676419232,Weight_length
1.399673721,2.483872454,Weight_length
1.675778342,2.912009376,Weight_length
1.775974331,3.425729805,Weight_length
1.746634199,3.322177931,Weight_length
1.484299839,2.317478314,Weight_length
1.658011397,3.110219224,Weight_length
1.285557309,2.327644964,Weight_length
1.622214023,2.968296115,Weight_length
1.574031268,2.973774194,Weight_length
1.727541257,2.336459734,Weight_length
1.7084209,3.225309282,Weight_length
1.622214023,2.87909588,Weight_length
1.267171728,1.672097858,Weight_length
1.687528961,3.152288344,Weight_length
1.330413773,2.08278537,Weight_length
1.687528961,3.004321374,Weight_length
1.727541257,2.336459734,Weight_length
1.7084209,3.225309282,Weight_length
1.622214023,2.87909588,Weight_length
1.267171728,1.672097858,Weight_length
1.687528961,3.152288344,Weight_length
1.330413773,2.08278537,Weight_length
1.687528961,3.004321374,Weight_length
1.727541257,2.336459734,Weight_length
1.7084209,3.225309282,Weight_length
1.622214023,2.87909588,Weight_length
1.267171728,1.672097858,Weight_length
1.687528961,3.152288344,Weight_length
1.330413773,2.08278537,Weight_length
1.687528961,3.004321374,Weight_length
1.546542663,2.877371346,Weight_length
1.62324929,2.936513742,Weight_length
1.413299764,2.550228353,Weight_length
1.5289167,2.72916479,Weight_length
1.575187845,3.005609445,Weight_length
1.596597096,3.092720645,Weight_length
1.359835482,2.719331287,Weight_length
1.539076099,2.980003372,Weight_length
1.629409599,3.219584526,Weight_length
1.5289167,2.72916479,Weight_length
1.575187845,3.005609445,Weight_length
1.596597096,3.092720645,Weight_length
1.359835482,2.719331287,Weight_length
1.539076099,2.980003372,Weight_length
1.629409599,3.219584526,Weight_length
1.5289167,2.72916479,Weight_length
1.575187845,3.005609445,Weight_length
1.596597096,3.092720645,Weight_length
1.359835482,2.719331287,Weight_length
1.539076099,2.980003372,Weight_length
1.629409599,3.219584526,Weight_length
1.414973348,2.342422681,Weight_length
1.929418926,3.612783857,Weight_length
1.380211242,2.380211242,Weight_length
1.278753601,2.146128036,Weight_length
1.380211242,2.361727836,Weight_length
1.477121255,2.704150517,Weight_length
1.380211242,2.334453751,Weight_length
1.204119983,2.093421685,Weight_length
1.491361694,2.653212514,Weight_length
1.462397998,2.475671188,Weight_length
1.380211242,2.096910013,Weight_length
1.612783857,2.545307116,Weight_length
1.255272505,2.167317335,Weight_length
1.462397998,2.58546073,Weight_length
1.740362689,3.288696261,Weight_length
1.51851394,2.826074803,Weight_length
1.380211242,2.640481437,Weight_length
1.491361694,2.85308953,Weight_length
1.301029996,2.201397124,Weight_length
1.414973348,2.342422681,Weight_length
1.929418926,3.612783857,Weight_length
1.380211242,2.380211242,Weight_length
1.278753601,2.146128036,Weight_length
1.380211242,2.361727836,Weight_length
1.477121255,2.704150517,Weight_length
1.380211242,2.334453751,Weight_length
1.204119983,2.093421685,Weight_length
1.491361694,2.653212514,Weight_length
1.462397998,2.475671188,Weight_length
1.380211242,2.096910013,Weight_length
1.612783857,2.545307116,Weight_length
1.255272505,2.167317335,Weight_length
1.462397998,2.58546073,Weight_length
1.740362689,3.288696261,Weight_length
1.51851394,2.826074803,Weight_length
1.380211242,2.640481437,Weight_length
1.491361694,2.85308953,Weight_length
1.301029996,2.201397124,Weight_length
1.414973348,2.342422681,Weight_length
1.929418926,3.612783857,Weight_length
1.380211242,2.380211242,Weight_length
1.278753601,2.146128036,Weight_length
1.380211242,2.361727836,Weight_length
1.477121255,2.704150517,Weight_length
1.380211242,2.334453751,Weight_length
1.204119983,2.093421685,Weight_length
1.491361694,2.653212514,Weight_length
1.462397998,2.475671188,Weight_length
1.380211242,2.096910013,Weight_length
1.612783857,2.545307116,Weight_length
1.255272505,2.167317335,Weight_length
1.462397998,2.58546073,Weight_length
1.740362689,3.288696261,Weight_length
1.51851394,2.826074803,Weight_length
1.380211242,2.640481437,Weight_length
1.491361694,2.85308953,Weight_length
1.301029996,2.201397124,Weight_length
1.338456494,2.342422681,Weight_length
1.338456494,2.342422681,Weight_length
1.631443769,3.11058971,Weight_length
1.631443769,3.11058971,Weight_length
1.72427587,3.285557309,Weight_length
1.72427587,3.285557309,Weight_length
1.704150517,2.806179974,Weight_length
1.178976947,4.505149978,Weight_length
1.674861141,3.086359831,Weight_length
1.568201724,2.612783857,Weight_length
1.739572344,3.089905111,Weight_length
1.378397901,2.146128036,Weight_length
1.709269961,3.334453751,Weight_length
1.414973348,2.204119983,Weight_length
1.008600172,0.929418926,Weight_length
1.447158031,2.342422681,Weight_length
1.389166084,2.342422681,Weight_length
1.136720567,1.491361694,Weight_length
1.338456494,2.342422681,Weight_length
1.338456494,2.342422681,Weight_length
1.631443769,3.11058971,Weight_length
1.631443769,3.11058971,Weight_length
1.72427587,3.285557309,Weight_length
1.72427587,3.285557309,Weight_length
1.704150517,2.806179974,Weight_length
1.178976947,4.505149978,Weight_length
1.674861141,3.086359831,Weight_length
1.568201724,2.612783857,Weight_length
1.739572344,3.089905111,Weight_length
1.378397901,2.146128036,Weight_length
1.709269961,3.334453751,Weight_length
1.414973348,2.204119983,Weight_length
1.008600172,0.929418926,Weight_length
1.447158031,2.342422681,Weight_length
1.389166084,2.342422681,Weight_length
1.136720567,1.491361694,Weight_length
1.338456494,2.342422681,Weight_length
1.338456494,2.342422681,Weight_length
1.631443769,3.11058971,Weight_length
1.631443769,3.11058971,Weight_length
1.72427587,3.285557309,Weight_length
1.72427587,3.285557309,Weight_length
1.704150517,2.806179974,Weight_length
1.178976947,4.505149978,Weight_length
1.674861141,3.086359831,Weight_length
1.568201724,2.612783857,Weight_length
1.739572344,3.089905111,Weight_length
1.378397901,2.146128036,Weight_length
1.709269961,3.334453751,Weight_length
1.414973348,2.204119983,Weight_length
1.008600172,0.929418926,Weight_length
1.447158031,2.342422681,Weight_length
1.389166084,2.342422681,Weight_length
1.136720567,1.491361694,Weight_length
1.338456494,2.342422681,Weight_length
1.338456494,2.342422681,Weight_length
1.631443769,3.11058971,Weight_length
1.631443769,3.11058971,Weight_length
1.72427587,3.285557309,Weight_length
1.72427587,3.285557309,Weight_length
1.704150517,2.806179974,Weight_length
1.178976947,4.505149978,Weight_length
1.674861141,3.086359831,Weight_length
1.568201724,2.612783857,Weight_length
1.739572344,3.089905111,Weight_length
1.378397901,2.146128036,Weight_length
1.709269961,3.334453751,Weight_length
1.414973348,2.204119983,Weight_length
1.008600172,0.929418926,Weight_length
1.447158031,2.342422681,Weight_length
1.389166084,2.342422681,Weight_length
1.136720567,1.491361694,Weight_length
1.338456494,2.342422681,Weight_length
1.338456494,2.342422681,Weight_length
1.631443769,3.11058971,Weight_length
1.631443769,3.11058971,Weight_length
1.72427587,3.285557309,Weight_length
1.72427587,3.285557309,Weight_length
1.704150517,2.806179974,Weight_length
1.178976947,4.505149978,Weight_length
1.674861141,3.086359831,Weight_length
1.568201724,2.612783857,Weight_length
1.739572344,3.089905111,Weight_length
1.378397901,2.146128036,Weight_length
1.709269961,3.334453751,Weight_length
1.414973348,2.204119983,Weight_length
1.008600172,0.929418926,Weight_length
1.447158031,2.342422681,Weight_length
1.389166084,2.342422681,Weight_length
1.136720567,1.491361694,Weight_length
1.338456494,2.342422681,Weight_length
1.338456494,2.342422681,Weight_length
1.631443769,3.11058971,Weight_length
1.631443769,3.11058971,Weight_length
1.72427587,3.285557309,Weight_length
1.72427587,3.285557309,Weight_length
1.704150517,2.806179974,Weight_length
1.178976947,4.505149978,Weight_length
1.674861141,3.086359831,Weight_length
1.674861141,3.086359831,Weight_length
1.568201724,2.612783857,Weight_length
1.739572344,3.089905111,Weight_length
1.378397901,2.146128036,Weight_length
1.709269961,3.334453751,Weight_length
1.414973348,2.204119983,Weight_length
1.008600172,0.929418926,Weight_length
1.447158031,2.342422681,Weight_length
1.389166084,2.342422681,Weight_length
1.136720567,1.491361694,Weight_length
1.338456494,2.342422681,Weight_length
1.338456494,2.342422681,Weight_length
1.631443769,3.11058971,Weight_length
1.631443769,3.11058971,Weight_length
1.72427587,3.285557309,Weight_length
1.72427587,3.285557309,Weight_length
1.704150517,2.806179974,Weight_length
1.178976947,4.505149978,Weight_length
1.674861141,3.086359831,Weight_length
1.568201724,2.612783857,Weight_length
1.739572344,3.089905111,Weight_length
1.378397901,2.146128036,Weight_length
1.709269961,3.334453751,Weight_length
1.414973348,2.204119983,Weight_length
1.008600172,0.929418926,Weight_length
1.447158031,2.342422681,Weight_length
1.389166084,2.342422681,Weight_length
1.136720567,1.491361694,Weight_length
1.338456494,2.342422681,Weight_length
1.338456494,2.342422681,Weight_length
1.631443769,3.11058971,Weight_length
1.631443769,3.11058971,Weight_length
1.72427587,3.285557309,Weight_length
1.72427587,3.285557309,Weight_length
1.704150517,2.806179974,Weight_length
1.178976947,4.505149978,Weight_length
1.674861141,3.086359831,Weight_length
1.568201724,2.612783857,Weight_length
1.739572344,3.089905111,Weight_length
1.378397901,2.146128036,Weight_length
1.709269961,3.334453751,Weight_length
1.414973348,2.204119983,Weight_length
1.008600172,0.929418926,Weight_length
1.447158031,2.342422681,Weight_length
1.389166084,2.342422681,Weight_length
1.136720567,1.491361694,Weight_length
1.338456494,2.342422681,Weight_length
1.338456494,2.342422681,Weight_length
1.631443769,3.11058971,Weight_length
1.631443769,3.11058971,Weight_length
1.72427587,3.285557309,Weight_length
1.72427587,3.285557309,Weight_length
1.704150517,2.806179974,Weight_length
1.178976947,4.505149978,Weight_length
1.674861141,3.086359831,Weight_length
1.568201724,2.612783857,Weight_length
1.739572344,3.089905111,Weight_length
1.378397901,2.146128036,Weight_length
1.709269961,3.334453751,Weight_length
1.414973348,2.204119983,Weight_length
1.008600172,0.929418926,Weight_length
1.447158031,2.342422681,Weight_length
1.389166084,2.342422681,Weight_length
1.136720567,1.491361694,Weight_length
1.451786436,2.586137025,Weight_length
1.451786436,2.586137025,Weight_length
1.451786436,2.586137025,Weight_length
1.451786436,2.586137025,Weight_length
1.663700925,3.109376031,Weight_length
1.663700925,3.109376031,Weight_length
1.663700925,3.109376031,Weight_length
1.663700925,3.109376031,Weight_length
1.387389826,2.468199586,Weight_length
1.387389826,2.468199586,Weight_length
1.387389826,2.468199586,Weight_length
1.387389826,2.468199586,Weight_length
1.428134794,2.665017825,Weight_length
1.428134794,2.665017825,Weight_length
1.428134794,2.665017825,Weight_length
1.428134794,2.665017825,Weight_length
1.614897216,2.989316305,Weight_length
1.614897216,2.989316305,Weight_length
1.614897216,2.989316305,Weight_length
1.614897216,2.989316305,Weight_length
1.509202522,2.820529849,Weight_length
1.509202522,2.820529849,Weight_length
1.509202522,2.820529849,Weight_length
1.509202522,2.820529849,Weight_length
1.252853031,2.114644339,Weight_length
1.252853031,2.114644339,Weight_length
1.252853031,2.114644339,Weight_length
1.252853031,2.114644339,Weight_length
1.491361694,2.720985744,Weight_length
1.544068044,2.939519253,Weight_length
1.079181246,1.544068044,Weight_length
1,1,Weight_length
1.716003344,3.187520721,Weight_length
1.633468456,3.006466042,Weight_length
1.477121255,2.712649702,Weight_length
1.672097858,3.165244326,Weight_length
1.462397998,2.707570176,Weight_length
1.62324929,3.079181246,Weight_length
1.531478917,2.944482672,Weight_length
1.643452676,3,Weight_length
1.719331287,3.230448921,Weight_length
1.537819095,2.84509804,Weight_length
1.716837723,3.176091259,Weight_length
1.698100546,3.176091259,Weight_length
1.587710965,2.954242509,Weight_length
1.456366033,2.698970004,Weight_length
1.506505032,2.77815125,Weight_length
1.64738297,3,Weight_length
1.383815366,2.477121255,Weight_length
1.731588765,3.176091259,Weight_length
1.759516759,3.291635207,Weight_length
1.503790683,3.059487684,Weight_length
1.562292864,2.93277807,Weight_length
1.378397901,2.391111614,Weight_length
1.404833717,2.5774918,Weight_length
1.593286067,3.690329007,Weight_length
1.723455672,3.479848727,Weight_length
1.795880017,4.536663216,Weight_length
1.589949601,2.83321088,Weight_length
1.624969271,2.832508913,Weight_length
1.638821922,3.021602716,Weight_length
1.450249108,2.492061605,Weight_length
1.539494293,2.672344196,Weight_length
1.650954758,2.963819297,Weight_length
1.713770462,3.241720761,Weight_length
1.689604801,3.173749417,Weight_length
1.676998271,3.073803857,Weight_length
1.753583059,3.555094449,Weight_length
1.6599162,3.064457989,Weight_length
1.344392274,2.285557309,Weight_length
1.469822016,2.447158031,Weight_length
1.658964843,2.856124444,Weight_length
