province,2010,2011,2012,2013,2014,2015,2016,2017,2018,2019,2020,2021,2022,2023,2024,2025,2026,2027,2028,2029,2030,2031,2032,2033,2034,2035,2036,2037,2038,2039,2040,2041,2042,2043,2044,2045,2046,2047,2048,2049,2050,2051,2052,2053,2054,2055,2056,2057,2058,2059,2060,2061,2062,2063,2064,2065,2066,2067,2068,2069,2070,2071,2072,2073,2074,2075,2076,2077,2078,2079,2080,2081,2082,2083,2084,2085,2086,2087,2088,2089,2090,2091,2092,2093,2094,2095,2096,2097,2098,2099,2100
Anhui,5579.788045,6873.136357,7730.738252,8608.534932,9339.959781,9813.316207,10752.78923,12051.87867,13704.32639,14746.3401,15144.33552,16891.17938,17753.18377,9685.845167,9497.614259,9316.501914,9684.744344,10056.57046,10447.41188,10826.19688,11223.77642,11545.96267,11885.20934,12210.61839,12552.64866,12880.23402,13177.78963,13475.97985,13790.06546,14088.79321,14388.01901,14657.57147,14928.7089,15202.43084,15479.34213,15698.0557,16030.60619,16212.89375,16400.87051,16751.96863,16953.94339,17168.92357,17391.88399,17623.27189,17862.58223,18109.30259,18362.24584,18620.1989,18719.27018,18982.66032,19247.19547,19346.68526,19610.35749,19874.23584,19969.19106,20228.70131,20316.18726,20569.34589,20649.15306,20897.19181,20971.74001,21044.23567,21287.81226,21357.79304,21426.93081,21670.54945,21740.51933,21811.80804,22061.40809,22137.67284,22216.56203,22476.28912,22560.4685,22646.63982,22734.08188,22822.59452,22911.8545,23184.41817,23275.80404,23367.32156,23459.26823,23551.67011,23643.36204,23734.66661,23826.25668,24106.79476,24200.74899,24295.21664,24390.40796,24486.57534,24583.71842
Beijing,19120.58758,21322.02702,23161.54845,25561.41673,27540.60263,29539.27858,32034.93263,35165.39237,38740.76278,41231.27546,41645.10458,47438.40883,47776.18621,30959.01819,32359.58632,33788.35288,35292.82396,36782.33639,38349.33581,39901.87929,41532.64268,42961.1329,44371.4344,45857.10672,47276.05534,48958.88922,50192.76891,51930.56691,53214.2109,54520.86263,56339.99334,57694.94778,59071.39861,60470.60222,61894.09518,63343.50427,64823.49812,66337.02138,67370.58564,68962.75008,70604.45262,71773.62026,72997.61765,74282.7123,76187.04764,77624.00032,79142.25956,80747.01222,82436.65219,84218.19953,86096.99236,87472.49141,89546.00116,91733.66136,93401.21081,95802.39849,98313.41684,100264.5774,102993.8033,105148.6823,108119.34,110490.8744,112959.5668,116291.5245,118961.9567,122513.4082,125351.866,128241.1913,132030.9481,135017.1669,138011.8638,140987.2827,144846.7092,147714.4571,150451.1399,153020.6624,155425.7889,158701.2056,160822.8853,162798.6337,164654.6954,166392.8651,168010.6984,169549.2761,172139.0814,173640.4314,175177.1912,176781.8342,178477.3788,180269.9272,182173.7529
Chongqing,7002.380671,8849.008125,10086.953,11261.4122,12599.54848,13790.22475,15449.56508,17129.59832,18355.82748,20013.86569,21157.17483,23647.45382,24462.16496,12643.5837,12360.43111,12118.31845,12617.39729,13156.50018,13702.84538,14223.30005,14785.2473,15253.586,15728.75993,16245.03484,16734.92585,17231.84923,17702.30132,18146.18008,18631.85274,19090.32693,19589.68113,20026.59392,20504.76216,20989.69248,21447.17934,21947.60956,22348.72377,22756.42226,23170.94698,23592.75564,24022.40056,24391.0395,24731.7785,25119.87296,25481.82191,25892.80936,26276.56276,26669.53185,27031.00758,27436.5388,27847.13741,28223.35409,28564.25194,28911.74273,29308.10052,29666.08556,30064.56767,30420.92237,30775.44175,31171.63185,31524.83865,31837.20519,32107.35117,32421.56028,32739.34883,33017.55177,33342.71705,33669.09947,33953.60027,34288.69901,34631.58389,34890.25799,35204.23678,35527.70209,35855.07117,36139.07698,36477.80431,36778.69939,37131.32676,37434.42988,37738.73445,38142.96978,38496.0509,38850.7014,39210.38922,39572.50013,39884.54767,40143.17211,40453.90647,40765.38033,41076.58807
Fujian,10191.29909,11999.55091,13367.58606,14768.12937,16221.49436,17290.80868,18932.76127,21465.93123,24371.98483,26451.19622,27030.81054,30587.61774,32662.48438,14975.26219,15078.50521,15191.17362,15798.62461,16412.83625,17058.03245,17685.50671,18319.35251,18885.18519,19455.68767,20030.94684,20586.39494,21170.71779,21686.82199,22207.9365,22734.44523,23266.53753,23804.86672,24301.04938,24681.04683,25241.8722,25812.72032,26395.04472,26740.40153,27349.70128,27723.92196,28114.00325,28775.51207,29202.14813,29648.5841,30115.59768,30604.12544,31114.46011,31645.77748,31929.39258,32498.38835,33085.54177,33689.67994,34029.60699,34659.14813,35303.83189,35674.45404,36340.13025,36721.34445,37402.09223,37790.82628,38484.50212,38879.27044,39585.28721,39987.26531,40391.61437,41117.6242,41531.06559,41947.54995,42366.71644,43119.91276,43547.68082,43975.28156,44401.29094,45171.57111,45598.60032,46019.49463,46432.6372,46836.38289,47231.2824,47980.68036,48362.07897,48740.40396,49116.08169,49486.21129,49854.20854,50224.39843,50598.39308,50978.93458,51366.93444,51764.59423,52173.36656,52992.17318
Gansu,3864.1864,4716.442047,5235.930444,5815.441831,6232.189035,6223.750431,6515.447278,6876.792801,7529.574723,8026.710832,8226.492223,9301.756728,10154.74274,6402.64992,6843.527544,7250.60672,7517.84678,7824.389961,8134.935634,8414.096231,8733.144499,8984.870189,9275.62784,9534.340328,9796.224286,10096.7904,10328.8181,10598.83451,10835.32848,11073.57998,11349.49249,11591.71468,11799.76067,12046.92451,12297.87595,12552.7338,12738.88615,12966.41203,13199.06079,13400.78543,13645.828,13823.3871,14007.48413,14236.18326,14433.99208,14638.36064,14809.82378,15024.78373,15243.80616,15426.89758,15651.19401,15838.15601,16026.75635,16218.50081,16412.19037,16566.52035,16762.33761,16918.02442,17116.23645,17316.97804,17477.78692,17641.88282,17808.16428,17977.5817,18150.16875,18325.63175,18503.47433,18683.9622,18867.08657,19053.82154,19243.34792,19435.87109,19584.89628,19782.12296,19980.79967,20133.64962,20334.33262,20488.43469,20642.9311,20846.63341,21002.87038,21159.38081,21364.78016,21521.77944,21680.84024,21841.87602,22056.35841,22220.60649,22385.60941,22552.1278,22773.29727
Guangdong,11023.7245,12426.39591,13123.79967,14266.69,15382.50335,16650.6955,18156.32337,20068.82,21601.33664,23196.24541,23667.52191,26336.54672,27064.40494,16350.49336,17414.75315,18481.61431,19225.69487,19896.61053,20577.02718,21348.14857,22047.75048,22674.12032,23388.76138,24029.70363,24676.79846,25329.30012,25905.63258,26486.05199,27070.45629,27657.48372,28165.46828,28757.34422,29351.56721,29868.54495,30471.8188,31080.59267,31533.70325,31996.14383,32469.78731,32956.55959,33458.16525,33894.30839,34348.98184,34741.43103,35239.07566,35675.8005,36134.94348,36616.94917,37121.98036,37649.92745,38199.03372,38681.08381,39182.30301,39703.90594,40243.80906,40800.38172,41279.70877,41863.12156,42458.91233,42972.57488,43590.63937,44219.60887,44759.97372,45404.54595,45956.74585,46613.12633,47070.57682,47629.01973,48084.17827,48641.97846,49094.72017,49649.98248,50095.49775,50644.39267,51187.17656,51722.74518,52252.11544,52664.43314,53181.13649,53692.79687,54201.23469,54591.3811,55090.7014,55471.00371,55965.46182,56340.05373,56713.53618,57088.32728,57345.20794,57725.56379,58109.81847
Guangxi,4649.772104,5569.448475,6054.213061,6596.474958,7126.242281,7664.927231,8253.559986,9012.194752,9835.860283,10525.39404,10850.05458,12261.42007,12673.29749,7267.226723,7457.812489,7648.934432,7933.869832,8199.609513,8483.547764,8748.763572,9032.148866,9259.564885,9485.749171,9692.896838,9916.706823,10139.15952,10325.02248,10509.93015,10693.98116,10877.01761,11058.90189,11205.44825,11368.76348,11514.83279,11661.43405,11825.75059,11956.85108,12072.29598,12206.37025,12342.65837,12481.18567,12554.5177,12647.53463,12726.95907,12826.30535,12911.96788,12983.50784,13057.64994,13134.10942,13212.5808,13292.28015,13356.35451,13438.07832,13504.58098,13588.74414,13656.85392,13708.4188,13759.68613,13810.54343,13861.10321,13911.12194,13944.08097,13976.36953,14008.2609,14039.85531,14071.35642,14102.81657,14134.21719,14182.22405,14214.02167,14246.38617,14262.84684,14280.1077,14298.24394,14300.64949,14320.99805,14342.65582,14382.28631,14406.3292,14431.42828,14457.66354,14484.8957,14496.26597,14525.63449,14556.30219,14571.23201,14603.82634,14620.43918,14654.82456,14690.10961,14709.31853
Guizhou,3251.933692,4066.348972,4852.66059,5695.155038,6492.378301,7383.721077,8198.237822,9347.440641,10439.50733,11260.6239,11872.22245,12786.1477,13086.90696,6154.330926,5712.166519,5306.47309,5459.460601,5637.907749,5817.234423,5997.741923,6179.640402,6337.961507,6496.736648,6655.912557,6791.40273,6950.258654,7084.841137,7218.412765,7327.221435,7457.612533,7585.741018,7688.552838,7788.965048,7909.98573,8006.227348,8100.613318,8171.246153,8218.88719,8288.49583,8358.166079,8406.161056,8454.758227,8482.679372,8533.944731,8565.111338,8597.79749,8631.995177,8667.360198,8703.408632,8718.504641,8754.63068,8790.166306,8803.734266,8816.580983,8849.314624,8859.611636,8847.468705,8854.367521,8859.340904,8842.176666,8843.910896,8823.949321,8802.907752,8781.143984,8759.021792,8736.893712,8714.988106,8693.532739,8672.70128,8652.756936,8633.7404,8615.746441,8598.743038,8582.700224,8567.396227,8552.766032,8519.704727,8506.16026,8473.958582,8460.692768,8428.339449,8395.547449,8380.689183,8346.495875,8330.142723,8294.676988,8258.699901,8240.468738,8203.606189,8166.522202,8129.14509
Hainan,5839.016241,7010.10767,7815.924558,8600.704131,9378.708454,10004.65127,10746.77439,11736.35778,12598.10131,13541.3035,13865.88853,16065.80396,16667.60077,6726.681392,6730.662514,6738.549151,6968.564428,7198.589252,7429.364644,7659.325864,7889.169432,8075.864547,8262.265167,8447.069757,8630.46609,8812.409188,8929.187915,9146.003368,9273.03516,9398.717075,9609.780575,9732.977905,9855.208139,9977.326738,10099.66331,10222.67176,10262.7301,10388.70165,10516.60221,10563.69103,10697.03541,10737.92863,10782.38731,10830.79056,10965.04328,11021.29706,11081.19821,11144.35527,11129.33144,11198.31551,11269.56151,11343.01362,11418.26422,11414.26185,11492.3412,11571.28128,11569.73655,11649.10093,11647.67435,11727.00819,11806.19691,11804.51974,11802.59879,11881.48486,11879.41089,11877.40674,11956.40855,11954.7532,11953.58295,12033.94121,12034.54285,12036.20231,12039.03524,12123.92102,12128.93936,12134.8944,12141.8803,12149.75595,12239.53003,12249.11918,12259.58129,12270.6765,12282.0945,12293.91911,12305.9711,12318.06986,12412.00136,12424.50783,12436.97542,12449.50579,12462.13601
Hebei,6276.598128,7408.833372,7927.501925,8267.349999,8519.948631,8849.135093,9466.618872,10104.25207,10633.04305,11381.63615,11638.13453,12969.02695,13558.25333,10851.9291,11997.54706,13083.03913,13703.37087,14202.28906,14833.19238,15342.07405,15855.78411,16372.3504,16891.3073,17412.93795,17809.01173,18333.55614,18859.48368,19258.85277,19659.70004,20061.47911,20592.30372,20997.57077,21405.10135,21816.82316,22233.82351,22527.75232,22957.04543,23264.5574,23709.61889,24033.95205,24497.41692,24711.04486,25064.39483,25426.99902,25665.45803,26043.25527,26294.17879,26683.56465,26943.09056,27205.196,27605.03065,27870.46948,28136.021,28402.86525,28669.76646,28935.64205,29201.05318,29466.43526,29732.55343,29858.67042,30127.21843,30398.48171,30527.88299,30801.62008,31076.41249,31206.83614,31482.4486,31612.73232,31889.32962,32018.74498,32294.36772,32419.97731,32543.05704,32812.72229,32928.28733,33191.08639,33300.36194,33407.8186,33514.36626,33773.57365,33881.39323,33990.57363,34100.95562,34215.31434,34489.36935,34612.64475,34740.31396,34872.96697,35010.90945,35153.86991,35301.77796
Heilongjiang,5428.826248,6503.714065,7203.276677,7733.095616,7924.751754,7598.945007,7716.405225,7990.892348,8319.037034,8753.211189,8829.300804,9608.668135,10292.0871,11320.81151,13217.46456,15157.9533,15838.64322,16532.70062,17267.77687,17992.13497,18759.78077,19437.44183,20130.67235,20841.53159,21570.38242,22318.19075,23030.62369,23734.98026,24489.00229,25265.62778,26065.44302,26833.32964,27595.73487,28413.69529,29258.96072,30102.09985,30881.75955,31626.99733,32686.83637,33463.3524,34271.89921,35119.41396,35999.59452,36916.72725,37869.8192,38860.62897,39529.00543,40585.08482,41678.85401,42808.56947,43584.81308,44781.13222,46004.75505,46865.10739,48177.071,49528.03592,50486.03815,51459.60327,52896.4908,53923.46688,55437.63283,56526.27424,57633.67186,58763.85926,60415.36165,61585.73412,62761.12223,64471.48884,65659.42575,66865.09575,68655.57361,69909.44091,71164.94032,72446.12992,73722.70726,74994.50757,76272.50992,78209.46861,79555.41073,80924.90189,82338.48252,83778.23207,85175.05933,86549.61312,87917.84385,89281.90347,90647.3659,92012.22431,94139.36878,95530.94675,96926.40886
Henan,6040.629251,6937.830875,7599.381699,8237.116609,8924.72943,9497.854466,10243.68957,11268.92945,12477.08621,13368.48022,13361.11541,14236.95397,14912.2829,9813.165129,10137.22077,10557.77104,10979.18474,11307.74462,11733.24742,12161.45036,12592.86961,12933.24101,13275.76023,13620.92196,13968.12498,14317.53405,14576.9164,14930.60517,15194.75378,15552.8694,15820.71771,16183.37664,16455.26841,16729.05547,17004.44949,17280.64396,17558.36518,17745.5508,18026.35276,18219.61409,18507.15795,18710.02024,18823.96451,19034.39125,19248.46533,19466.17753,19594.89932,19819.97526,19955.4315,20093.77944,20327.78069,20470.40964,20614.656,20762.39613,20912.9882,21064.97092,21218.34904,21373.60079,21531.25439,21691.76577,21854.12768,21922.54691,22088.24346,22158.3595,22326.23779,22397.11051,22567.28583,22739.26431,22814.79183,22992.40252,23072.69571,23154.55224,23337.36779,23421.70645,23505.94309,23691.29034,23776.98722,23865.93975,23958.36258,24157.21466,24255.34591,24356.53431,24456.57083,24554.8388,24757.63975,24854.19277,24949.44513,25044.60938,25142.69438,25251.75951,25354.88486
Hubei,7110.694665,8719.272456,9822.233198,10949.31829,12092.83402,12880.25522,14061.07279,15578.38928,17411.09633,18782.80101,17690.7631,20539.41458,21921.71823,11366.10844,11310.59792,11264.55962,11742.94595,12228.76976,12722.00525,13222.46293,13713.824,14145.72032,14598.57646,15039.89826,15485.18819,15933.85873,16336.42381,16790.93827,17165.80991,17542.85795,17922.30293,18305.62441,18692.5986,19083.90046,19480.86354,19883.64328,20293.74142,20542.19267,20968.41303,21403.69178,21676.72048,21963.37947,22433.8794,22742.37693,23060.66456,23389.12247,23725.16865,24069.27828,24420.50238,24775.84058,24949.00039,25304.85843,25663.64894,25841.31794,26208.13517,26573.52873,26745.41025,27105.47913,27270.45333,27629.96234,27793.39471,28152.58116,28313.45369,28472.48767,28828.88481,28983.24424,29135.30777,29488.89162,29637.82072,29786.14452,30139.77133,30284.48498,30425.50908,30563.01768,30694.91479,30821.76938,31154.8862,31273.2861,31389.40191,31501.86626,31613.99986,31941.48596,32048.18453,32152.23894,32256.77228,32359.2931,32458.99261,32554.43046,32649.03529,32745.47752,32844.83885
Hunan,5936.004213,7207.546721,8038.73745,8861.515717,9672.77004,10577.53504,11354.85782,12373.66676,13195.5377,14416.75414,14912.98111,16414.46343,17345.66584,9678.91222,9708.984702,9757.766823,10148.2286,10541.50073,10951.59535,11350.16275,11765.34203,12111.90084,12445.68415,12795.35441,13146.20721,13498.09229,13809.06405,14163.84988,14451.12495,14740.43608,15031.77056,15326.59928,15624.33095,15926.04497,16232.22321,16542.87085,16858.6489,17038.62361,17366.73568,17701.53656,17899.82448,18108.5767,18323.57656,18691.24565,18921.0223,19156.7724,19397.3462,19494.67441,19742.66754,19993.19784,20244.07031,20495.1267,20594.39544,20847.96019,21103.94265,21359.69946,21459.91956,21712.53427,21808.05642,22060.11704,22154.81815,22249.1091,22500.14407,22592.94127,22685.65066,22939.56837,23033.45477,23126.81118,23381.93707,23476.17072,23571.14039,23665.76874,23924.96945,24020.50709,24113.81802,24204.97023,24294.87396,24384.58356,24643.56668,24734.83159,24828.17711,24923.39258,25015.89195,25106.09604,25196.42555,25461.4229,25556.33445,25653.07314,25752.14843,25854.53867,25959.72851
Inner_Mongolia,8297.481803,9513.433631,10439.68361,11283.20439,12000.12968,12671.38488,13453.88115,14424.07938,15541.69541,16500.25085,16465.2607,20124.90656,21956.54716,13595.93324,14552.86876,15516.59743,16149.31818,16828.78585,17480.24525,18179.35907,18851.70737,19458.03026,20073.63647,20699.22673,21334.25499,21979.15472,22557.43519,23145.41392,23743.97197,24352.82845,24972.40627,25564.55651,26167.82194,26783.90106,27414.044,28059.03492,28598.86525,29194.41152,29765.80047,30396.12586,31003.92067,31505.26148,32067.10924,32606.59554,33165.32579,33788.16195,34342.42157,34912.60131,35497.07158,36139.00627,36748.26152,37323.86588,37953.08951,38548.67494,39201.75498,39811.63218,40373.46183,40933.36535,41490.94094,42050.49662,42558.28167,43068.21217,43575.57186,44080.53629,44581.48344,45078.15013,45567.82565,46050.02165,46522.77831,46993.34601,47462.24351,47873.3528,48282.39578,48690.67777,49091.4279,49488.13535,49878.99735,50268.56867,50716.15116,51102.25809,51489.05946,51815.88501,52191.99496,52566.55766,52881.33942,53255.91362,53630.56557,53942.46022,54316.8267,54629.80419,55005.22111
Jiangsu,13221.30128,15339.17564,16830.70033,18469.85781,19966.76716,21939.06341,23651.19895,26082.4967,28262.22533,29718.43039,30943.47816,35181.65924,36806.30629,22214.70505,23054.60027,23910.70766,25022.3519,26030.2447,27174.36819,28214.33806,29391.04015,30339.32312,31421.59441,32394.96132,33379.95728,34376.42792,35384.69023,36280.20409,37186.6595,38104.10566,39159.01643,39975.86571,40933.02222,41778.73941,42641.99035,43654.13808,44430.64525,45231.03746,46189.2251,47045.2084,48066.02028,48852.7543,49807.62314,50663.46824,51692.19229,52618.95569,53437.57505,54423.87922,55292.73906,56325.94342,57228.41857,58142.23312,59064.36101,59996.01414,60933.91493,61871.74304,62810.51262,63592.50983,64532.24767,65318.06,66271.36044,66906.66817,67711.8421,68525.06762,69350.23549,70190.39889,71045.33432,71918.30749,72809.40506,73717.48408,74639.47742,75386.00261,76315.96309,77058.53847,77965.64576,78663.7461,79337.24927,80178.358,80806.72497,81409.73844,82190.67583,82760.61673,83304.00669,84029.22908,84547.48,85061.70226,85577.70869,86098.8798,86630.59638,87177.07082,87948.58834
Jiangxi,5272.865518,6501.056657,7163.070262,7921.913127,8624.09707,9162.60534,9952.374756,10838.19935,12094.77688,13039.65251,13533.55679,15548.28789,16636.75844,8583.093286,8603.57363,8607.394543,8939.671097,9272.854347,9627.14103,9962.16691,10298.3707,10574.5815,10851.34367,11129.20749,11388.25836,11668.80883,11931.38394,12195.94735,12463.20852,12732.88431,12985.53633,13221.98469,13461.4739,13704.46639,13951.39023,14202.03506,14417.55835,14637.63811,14862.50263,15092.59577,15307.66148,15491.739,15660.89689,15855.36386,16034.82594,16239.52212,16407.59356,16579.68964,16775.92797,16954.31031,17155.42543,17316.28787,17478.0973,17642.15376,17829.09168,17995.76104,18141.75558,18309.51765,18456.36564,18604.28489,18774.37732,18902.15208,19030.02492,19159.02929,19289.8902,19444.64968,19579.13006,19692.78271,19830.04546,19969.24917,20109.0553,20225.90783,20366.06789,20483.78781,20601.38888,20719.24203,20836.9598,20955.09661,21050.01789,21168.47264,21288.21294,21384.94918,21503.38124,21596.02239,21687.80937,21803.77118,21896.37266,22013.77979,22107.19681,22225.92131,22344.47042
Jilin,5864.608056,7062.500655,7884.764136,8551.373427,9035.999131,9052.004814,9394.633231,9847.125886,10122.64518,10545.60144,11008.88467,11838.50981,11779.60066,10972.68657,12296.71918,13635.06046,14263.60699,14904.3239,15558.26762,16189.275,16871.81274,17494.99057,18132.32755,18785.4207,19416.51215,20102.36353,20729.2792,21373.58242,22037.27843,22721.12472,23425.55634,24113.16746,24782.08329,25515.43241,26232.46786,27016.84678,27743.35348,28496.54447,29233.93186,30045.10963,30888.68001,31631.8116,32404.81855,33162.93877,33999.48533,34870.6842,35725.28414,36610.35071,37475.1643,38422.34484,39398.33014,40353.62884,41276.50541,42289.47748,43340.33309,44363.71388,45473.08801,46548.67883,47649.98755,48786.45291,49954.41092,51095.61999,52264.23825,53460.60867,54609.41461,55846.09563,57028.09816,58306.20403,59532.30598,60869.76843,62164.99699,63401.66148,64731.98201,66002.42143,67361.38192,68730.90221,70027.9303,71436.53253,72877.67749,74347.20615,75853.97497,77293.49413,78820.42501,80243.9903,81770.48549,83194.99807,84731.92524,86280.19211,87838.78134,89304.33269,90899.56396
Liaoning,7954.954294,9335.813776,10141.82077,10877.55648,11317.78876,11375.59136,11457.94888,12169.05266,13148.34013,13883.35579,13953.8989,15366.98586,16143.41795,13926.50764,15968.10263,18024.64402,18824.89589,19639.31677,20469.18015,21315.36436,22201.62166,23014.59629,23822.07348,24648.55196,25263.16687,26128.79668,27016.97455,27691.9046,28626.64938,29587.6186,30332.90877,31102.81877,32144.45818,32966.98768,33816.0567,34947.63785,35855.17758,36530.64212,37494.51511,38488.00205,39512.06283,40295.92339,41106.15554,42226.83971,43098.96885,43999.68992,44929.78004,45886.89946,46871.80591,47885.38302,48923.73699,49988.05507,51075.29559,52190.21965,53336.30515,54169.76292,55358.29133,56570.97565,57455.07234,58715.62576,59642.65323,60959.29537,61930.90193,63301.59699,64313.92884,65342.75681,66785.69183,67851.48358,68936.66718,70459.35684,71583.46807,72717.29377,73858.74067,75454.8903,76606.51454,77751.8007,78894.41383,80037.69444,81664.33451,82817.90554,83972.46671,85126.84752,86275.37873,87426.95028,88587.97234,89761.66799,90949.51237,92153.07363,93924.40898,95174.11046,96446.58083
Ningxia,6250.436626,7583.178454,8259.466805,8910.435005,9353.16257,9632.010735,10259.42792,11662.19695,12639.98076,13341.82882,13922.68389,15978.4294,17469.88714,9045.413597,9064.616926,9087.814058,9405.313193,9723.002792,10042.26262,10361.27755,10681.63761,10952.54838,11225.02435,11497.88192,11771.5873,12046.40179,12284.00274,12522.0749,12811.73495,13025.5333,13240.42883,13457.24297,13675.38029,13896.46094,14120.60233,14348.15882,14456.48259,14692.98695,14811.21989,15059.04194,15312.8861,15427.86087,15548.44166,15675.52696,15808.73798,15947.96168,16093.47486,16244.07277,16398.85799,16558.08258,16720.36733,16761.3034,16929.4918,16975.15767,17148.36551,17197.22204,17373.75085,17551.78986,17731.24736,17784.6949,17967.46861,18023.66172,18210.02905,18269.90954,18461.07683,18525.04625,18591.26156,18790.86685,18861.80732,18935.3638,19144.50391,19224.29182,19306.32637,19391.67246,19479.22824,19705.03332,19798.37607,19894.43055,19992.69508,20093.6809,20197.33493,20303.85205,20412.85204,20665.93572,20781.55145,20900.61315,21022.40297,21147.8564,21276.79109,21409.57096,21545.84343
Qinghai,5006.913311,6047.054718,6684.667672,7428.711112,7943.918987,8574.567264,9551.121385,10345.03134,11445.7416,12161.81001,12359.80526,13812.91772,14645.57085,8704.718824,8957.565489,9211.440848,9564.488015,9919.596872,10278.17101,10638.59656,11002.54701,11312.50042,11626.53418,11943.25586,12263.6115,12588.05025,12881.52663,13178.59859,13480.46741,13787.17453,14100.00828,14384.23257,14674.38921,14971.2152,15275.7557,15586.83808,15851.67525,16051.23297,16444.48608,16685.46887,16934.70174,17182.56078,17439.25013,17705.38537,17980.4313,18264.26481,18556.01166,18855.92123,18992.60811,19307.17246,19628.9128,19782.18242,20115.21075,20278.3506,20624.82828,20978.49487,21155.25569,21518.49193,21701.98464,21888.07672,22265.2474,22458.48463,22653.55269,23045.15592,23246.55985,23450.98832,23856.67387,24067.96311,24281.66243,24498.32534,24923.50441,25147.24648,25373.57344,25603.14449,25834.97684,26069.15868,26306.08632,26766.32515,27012.8085,27263.02066,27518.50732,27778.27111,28041.75463,28309.33846,28580.57837,28855.87178,29373.30969,29657.98556,29945.66687,30236.80581,30531.16028
Shaanxi,6617.126801,8137.267214,9396.079717,10525.4747,11429.8771,11696.99053,12349.3288,13844.50862,15351.07133,16439.56569,16511.60447,19043.40368,20643.00989,10460.82335,10395.04789,10362.5008,10812.87164,11245.77263,11711.65602,12185.53377,12642.50617,13056.41576,13477.27946,13905.53535,14340.50603,14782.22238,15179.20766,15582.15996,15991.68515,16433.14515,16854.39041,17256.38951,17637.92019,18052.73556,18475.29397,18905.38774,19262.91212,19655.90284,20030.69416,20443.13365,20838.86996,21192.2407,21529.43952,21907.89193,22299.41959,22674.74479,23032.97514,23402.51673,23783.41279,24175.1263,24576.81137,24988.73968,25378.03949,25777.88947,26188.47278,26638.80464,27031.78551,27432.02926,27839.81661,28258.26346,28685.62045,29089.38066,29536.17353,29957.29097,30421.89721,30858.21156,31264.43746,31712.58636,32128.03875,32586.29812,33010.70312,33436.28795,33861.88937,34288.88592,34753.68884,35177.00653,35597.99163,36018.61108,36439.60793,36860.32765,37284.75678,37713.01875,38137.59662,38561.36983,38989.46241,39420.52457,39810.4353,40201.30472,40595.38794,41042.7661,41451.14232
Shandong,8873.325748,10165.80722,11150.77575,12213.10994,12957.81623,14102.82514,14836.68818,15870.71961,16702.30609,17633.74649,18068.74126,20591.95536,21634.9359,14994.60318,16461.87697,17938.74938,18637.92616,19446.07529,20264.40722,21092.75921,21832.34419,22580.51206,23337.4889,24004.55582,24781.10111,25467.00293,26162.95814,26868.54073,27584.32671,28310.00473,28943.5048,29691.40578,30347.4165,31015.61226,31696.99398,32391.90639,32996.8218,33617.21118,34254.53153,34909.88417,35584.65705,36172.21906,36780.18912,37410.23154,38061.28913,38733.10889,39310.85496,40019.40389,40628.75954,41250.36465,42000.21294,42641.43402,43168.57588,43823.23921,44483.39541,45146.35506,45686.66043,46353.23385,46895.32137,47440.03541,47987.93713,48540.81025,49096.8645,49656.79235,50220.83336,50789.83475,51365.0024,51947.19084,52396.6018,52990.76217,53590.74689,54192.51245,54651.81508,55254.794,55854.61821,56305.07967,56900.87498,57350.0635,57801.51849,58405.52817,58861.98627,59321.53039,59934.67059,60394.56317,60859.74876,61492.01387,61975.36787,62468.85964,62973.37399,63488.13588,64011.63433
Shanghai,19482.18859,21073.52667,22036.43936,23842.51172,25834.79234,27366.32312,30268.94299,33204.39831,36181.08271,38086.42442,38973.70261,43484.08014,44675.8084,27501.93901,29738.56682,31962.31939,33412.42145,34889.00703,36433.52138,37965.87992,39526.78323,40911.18473,42446.44845,43928.53375,45440.48695,46562.94568,48133.31205,49735.80299,50943.04786,52609.19848,53875.91594,55171.46437,56938.9363,58300.30836,59696.20288,61582.32432,63061.14134,64125.13684,65697.45678,67324.4691,69012.64935,70285.61523,72105.72492,73509.64498,74980.80117,77032.21239,78660.69524,80367.15893,82161.01927,84037.59713,85991.74249,87476.26788,89596.66982,91823.55163,94168.45371,96613.63218,98552.48437,101200.0388,103957.748,106194.7433,109199.0113,111657.1646,114908.8125,117570.2965,121051.7795,123909.0684,127611.0696,130641.9424,133732.8984,137694.1847,140884.8153,144070.3598,148136.6946,151353.2684,154490.33,157520.0638,160427.5232,164210.4169,166963.8131,169594.7703,172137.0122,174588.7869,177924.2421,180102.5447,182168.1849,184159.3058,186129.6207,188128.4563,190189.3652,192335.6169,195718.0977
Shanxi,6244.381981,7603.708738,8113.80888,8255.992117,8285.521137,8068.794378,8069.779464,9732.418286,10654.01907,11247.00522,11755.70478,14985.21446,16733.46912,10184.73529,11027.77636,11847.90606,12338.35153,12835.42989,13314.21217,13826.16595,14346.21108,14796.33994,15227.71296,15692.1676,16137.79081,16616.04768,17023.26426,17462.21636,17907.26231,18331.3309,18786.47516,19194.33417,19607.05711,20051.91507,20476.43765,20907.23087,21291.73917,21656.8933,22057.32076,22439.61229,22832.25363,23180.81715,23513.2187,23857.67565,24214.05653,24610.85709,24962.54265,25324.42469,25697.13313,26079.0704,26469.36364,26808.44141,27153.13847,27506.64812,27867.06376,28231.49247,28599.91352,28939.77676,29313.95829,29661.35874,30043.91344,30367.10764,30693.24106,31055.79754,31390.31171,31763.03466,32106.30478,32453.40054,32803.74838,33158.60571,33553.05053,33881.89364,34249.81796,34586.96568,34960.65986,35300.01843,35639.49689,35977.8246,36278.103,36613.99229,36950.08944,37246.3355,37535.96617,37863.80285,38155.02831,38485.44217,38775.59259,39103.53992,39432.2834,39764.24079,40099.33318
Sichuan,5371.963187,6588.920319,7479.86801,8284.454739,8998.331468,9423.625988,10267.46512,11724.7614,13299.11668,14253.78896,14961.41726,16653.67435,17371.70506,9562.371817,9538.42416,9519.329764,9933.485212,10353.4844,10779.71325,11212.40623,11652.00941,12036.01846,12426.1609,12860.50043,13163.99785,13599.4278,14042.37759,14366.05687,14824.309,15162.1226,15635.53561,15987.6354,16346.37941,16712.28902,17218.74579,17601.76464,17993.17162,18258.19868,18666.66212,19084.86088,19513.30091,19817.35599,20130.92506,20455.60543,20934.86204,21283.31528,21642.4132,22011.68253,22390.10723,22777.10021,23170.37038,23415.97081,23820.34305,24232.80703,24654.30607,25081.44274,25350.24903,25783.70474,26054.15441,26493.65083,26767.78746,27215.61789,27496.22774,27954.6101,28244.10362,28716.92374,29018.18346,29324.50902,29635.67157,30138.25085,30463.4323,30795.70923,31136.3559,31679.14491,32033.9977,32393.58677,32759.89054,33133.78797,33719.10526,34103.65377,34490.80551,34880.24379,35268.55402,35658.12029,36051.97781,36449.20552,36849.75904,37478.62866,37884.42967,38293.46407,38704.69507
Tianjin,13216.17261,15290.99901,16691.16174,17903.86316,18806.32786,18871.98744,19579.63742,20907.26963,22180.10724,23087.32196,22869.17146,25463.48565,26381.13294,21597.3878,23915.33075,26180.40501,27245.92614,28394.69081,29499.41036,30689.26028,31836.83111,32875.92267,33934.43738,35013.71781,36113.14951,37231.97299,38239.32277,39263.58096,40304.97253,41362.4595,42434.46527,43456.05466,44423.8107,45471.1944,46533.35372,47609.43766,48495.8803,49399.71722,50392.09651,51338.4034,52310.22718,53097.42817,53987.91702,54840.3777,55802.36563,56731.99629,57702.06667,58636.0419,59686.46323,60703.66312,61833.81972,62847.55969,63897.50619,64916.53708,66071.63331,67265.49362,68412.93951,69594.06021,70897.04493,72160.54743,73463.95095,74723.05434,76016.30405,77339.26476,78690.22911,80154.04718,81442.44559,82837.55867,84242.47476,85558.95273,86975.17728,88278.52038,89572.27202,90747.70497,91983.61705,93169.16038,94305.57705,95401.23922,96471.24525,97515.89831,98665.40497,99565.85833,100511.3078,101276.3747,102100.2384,102880,103515.0269,104257.8098,104884.2508,105641.0371,106298.9196
Tibet,4281.268319,5053.587002,5811.596698,6712.420829,7543.739758,8295.347944,9245.875637,10541.71816,12000.7274,13055.93737,14521.95862,15767.01049,16060.93175,9160.865678,8930.088139,8705.418798,9036.40897,9367.768349,9700.480324,10033.47152,10368.38034,10656.14908,10947.12564,11240.27852,11536.92386,11837.58373,12113.78975,12394.27707,12680.77129,12973.98072,13274.92487,13562.63459,13857.86452,14161.34468,14473.77856,14794.01452,15075.81809,15366.70374,15669.01011,15981.42782,16304.81105,16591.84013,16890.51331,17200.61903,17522.92413,17857.65412,18178.12283,18510.64373,18856.04768,19215.11513,19588.88593,19956.3948,20338.63423,20736.39991,21150.83088,21581.88381,22007.93791,22450.08315,22909.99572,23388.82162,23886.24793,24378.94851,24890.27134,25421.09743,25971.33321,26540.32397,27116.90892,27713.33043,28328.56142,28964.172,29621.55918,30288.45929,30978.00192,31689.834,32426.65102,33190.68712,33970.89698,34779.71855,35617.79382,36487.7756,37387.3685,38307.50765,39255.97579,40235.41814,41244.84627,42288.28546,43347.74013,44447.27455,45582.14291,46753.31308,47961.50837
Xinjiang,6142.332982,7403.351949,8240.859956,9136.225163,9913.657174,9782.741682,9946.641428,11365.64426,12822.34312,13411.81039,13406.7356,15626.51215,16777.30957,9419.440071,9712.591182,9967.313759,10292.76807,10615.59175,10901.00973,11219.91869,11536.80697,11747.18694,11989.15268,12228.40691,12464.32715,12697.03167,12893.23459,13053.64423,13244.46557,13432.66375,13618.60539,13771.27511,13891.14808,14042.7822,14194.51618,14347.37184,14440.3947,14535.94277,14665.15393,14767.51991,14874.05826,14886.48829,14932.64328,14954.17032,14980.13074,15039.61283,15044.88139,15082.36826,15094.34092,15137.64458,15154.36019,15173.26914,15193.10834,15215.0187,15238.3839,15234.98719,15232.25288,15229.53596,15226.73723,15224.54717,15222.58483,15221.29484,15192.45023,15191.09263,15162.90014,15161.88967,15134.65338,15107.91566,15081.56188,15056.41515,15032.60814,15010.96626,14990.94576,14973.1196,14957.15593,14943.41277,14906.21857,14897.18174,14864.60352,14859.90993,14831.49273,14829.96866,14804.05569,14805.12669,14781.84114,14784.97765,14763.85705,14743.91716,14725.24552,14733.49409,14717.71362
Yunnan,4220.440481,5161.141862,5957.706328,6824.616788,7424.677595,7847.980064,8514.090768,9541.327963,10696.82449,11815.86281,12395.71475,13634.02041,14445.00155,7478.106804,7321.025862,7188.49471,7470.136763,7733.677786,8018.502831,8285.930183,8574.863637,8807.336457,9041.160025,9295.774723,9532.628618,9790.000662,9991.528216,10213.51828,10417.93114,10642.84155,10869.03938,11059.00055,11270.05469,11464.77056,11681.83849,11902.30443,12069.3573,12240.64722,12416.35083,12616.23912,12801.99427,12954.39673,13112.18483,13275.49138,13444.33114,13618.4773,13777.61972,13941.1299,14088.48011,14258.85701,14431.94846,14566.86988,14723.55271,14861.9554,15021.87468,15161.85184,15301.92978,15441.85492,15581.62271,15700.48195,15840.24104,15959.03912,16077.72377,16196.72286,16316.41763,16436.94075,16558.43377,16681.04961,16783.04965,16908.55204,17035.14748,17140.60247,17247.46922,17355.82889,17465.19206,17575.64028,17687.1505,17800.06657,17913.91988,18028.5801,18144.37225,18237.33529,18353.90538,18447.62851,18566.15755,18661.87647,18782.55834,18880.38495,18979.77927,19105.42628,19208.46579
Zhejiang,12622.43695,14311.4485,15224.54813,16429.88268,17447.7641,18907.77847,20356.18283,22482.45232,24767.35215,26702.24608,27447.78453,31417.08219,32859.12781,19850.30281,21005.78382,22172.22311,23182.89878,24038.19403,25074.78091,26125.2323,27021.21153,27929.51734,28850.68428,29614.93941,30562.55592,31524.39772,32329.37609,33148.47476,34155.25854,35003.69515,35866.88996,36745.63562,37641.1663,38555.34508,39310.94068,40266.65369,41066.62211,41891.96347,42745.94835,43631.13301,44550.0249,45318.61099,46313.11802,47157.95763,48043.4536,48970.39356,49938.38258,50745.85271,51789.36627,52867.95925,53769.78616,54907.07716,55857.04449,56826.91067,58032.97112,59033.25932,60042.71656,61059.52407,62081.06142,63107.61016,64139.877,65177.75031,66220.20131,67022.43423,68075.44265,69136.58723,69949.97377,71022.60621,72103.31778,72926.43781,74013.98806,74831.15848,75913.9217,76715.08014,77497.35721,78539.72856,79280.98568,80001.61265,80991.38781,81672.97284,82337.44236,82987.61582,83923.01196,84556.0255,85188.91825,85823.00999,86769.77275,87419.35913,88080.01588,88754.27893,89445.37303
